--------------------------------------------------------------------------------
Release 13.4 Trace  (lin64)
Copyright (c) 1995-2011 Xilinx, Inc.  All rights reserved.

/CMC/tools/xilinx/13.4/ISE_DS/ISE/bin/lin64/unwrapped/trce -intstyle ise -v 3
-s 5 -n 3 -fastpaths -xml svgp_top.twx svgp_top.ncd -o svgp_top.twr
svgp_top.pcf -ucf constraints.ucf

Design file:              svgp_top.ncd
Physical constraint file: svgp_top.pcf
Device,package,speed:     xc3s500e,fg320,-5 (PRODUCTION 1.27 2012-01-07)
Report level:             verbose report

Environment Variable      Effect 
--------------------      ------ 
NONE                      No environment variables were set
--------------------------------------------------------------------------------

INFO:Timing:3412 - To improve timing, see the Timing Closure User Guide (UG612).
INFO:Timing:2752 - To get complete path coverage, use the unconstrained paths 
   option. All paths that are not constrained will be reported in the 
   unconstrained paths section(s) of the report.
INFO:Timing:3339 - The clock-to-out numbers in this timing report are based on 
   a 50 Ohm transmission line loading model.  For the details of this model, 
   and for more information on accounting for different loading conditions, 
   please see the device datasheet.
INFO:Timing:3390 - This architecture does not support a default System Jitter 
   value, please add SYSTEM_JITTER constraint to the UCF to modify the Clock 
   Uncertainty calculation.
INFO:Timing:3389 - This architecture does not support 'Discrete Jitter' and 
   'Phase Error' calculations, these terms will be zero in the Clock 
   Uncertainty calculation.  Please make appropriate modification to 
   SYSTEM_JITTER to account for the unsupported Discrete Jitter and Phase 
   Error.

================================================================================
Timing constraint: PATH "TS_D2_TO_T2_path" TIG;

 3 paths analyzed, 3 endpoints analyzed, 0 failing endpoints
 0 timing errors detected. (0 setup errors, 0 hold errors)
--------------------------------------------------------------------------------

Paths for end point ILA_INST/U0/I_NO_D.U_ILA/U_STAT/U_TDO (SLICE_X67Y56.F2), 1 path
--------------------------------------------------------------------------------
Delay (setup path):     5.966ns (data path - clock path skew + uncertainty)
  Source:               ILA_INST/U0/I_NO_D.U_ILA/U_STAT/U_DIRTY_LDC (LATCH)
  Destination:          ILA_INST/U0/I_NO_D.U_ILA/U_STAT/U_TDO (FF)
  Data Path Delay:      5.966ns (Levels of Logic = 4)
  Clock Path Skew:      0.000ns
  Source Clock:         CONTROL0<13> falling
  Destination Clock:    CONTROL0<0> rising at 0.000ns
  Clock Uncertainty:    0.000ns

  Maximum Data Path: ILA_INST/U0/I_NO_D.U_ILA/U_STAT/U_DIRTY_LDC to ILA_INST/U0/I_NO_D.U_ILA/U_STAT/U_TDO
    Location             Delay type         Delay(ns)  Physical Resource
                                                       Logical Resource(s)
    -------------------------------------------------  -------------------
    SLICE_X54Y54.YQ      Tcklo                 0.646   ILA_INST/U0/I_NO_D.U_ILA/U_STAT/DIRTY_SEL
                                                       ILA_INST/U0/I_NO_D.U_ILA/U_STAT/U_DIRTY_LDC
    SLICE_X54Y55.F4      net (fanout=1)        0.317   ILA_INST/U0/I_NO_D.U_ILA/U_STAT/DIRTY_SEL
    SLICE_X54Y55.X       Tilo                  0.660   ILA_INST/U0/I_NO_D.U_ILA/U_STAT/DIRTY_D0
                                                       ILA_INST/U0/I_NO_D.U_ILA/U_STAT/DIRTY_dstat1
    SLICE_X65Y50.G3      net (fanout=2)        0.581   ILA_INST/U0/I_NO_D.U_ILA/U_STAT/DIRTY_dstat
    SLICE_X65Y50.X       Tif5x                 0.890   ILA_INST/U0/I_NO_D.U_ILA/U_STAT/U_DMUX/U_CS_MUX/I3.U_MUX8/Mmux_O_91
                                                       ILA_INST/U0/I_NO_D.U_ILA/U_STAT/U_DMUX/U_CS_MUX/I3.U_MUX8/Mmux_O_91_F
                                                       ILA_INST/U0/I_NO_D.U_ILA/U_STAT/U_DMUX/U_CS_MUX/I3.U_MUX8/Mmux_O_91
    SLICE_X64Y49.G2      net (fanout=1)        0.346   ILA_INST/U0/I_NO_D.U_ILA/U_STAT/U_DMUX/U_CS_MUX/I3.U_MUX8/Mmux_O_91
    SLICE_X64Y49.X       Tif5x                 1.000   ILA_INST/U0/I_NO_D.U_ILA/U_STAT/TDO_mux_in<0>1
                                                       ILA_INST/U0/I_NO_D.U_ILA/U_STAT/U_DMUX/U_CS_MUX/I3.U_MUX8/Mmux_O_4
                                                       ILA_INST/U0/I_NO_D.U_ILA/U_STAT/U_DMUX/U_CS_MUX/I3.U_MUX8/Mmux_O_2_f5
    SLICE_X67Y56.F2      net (fanout=1)        0.798   ILA_INST/U0/I_NO_D.U_ILA/U_STAT/TDO_mux_in<0>1
    SLICE_X67Y56.CLK     Tfck                  0.728   ILA_INST/U0/I_NO_D.U_ILA/iSTAT_DOUT
                                                       ILA_INST/U0/I_NO_D.U_ILA/U_STAT/U_MUX/U_CS_MUX/I1.U_MUX2/O87
                                                       ILA_INST/U0/I_NO_D.U_ILA/U_STAT/U_TDO
    -------------------------------------------------  ---------------------------
    Total                                      5.966ns (3.924ns logic, 2.042ns route)
                                                       (65.8% logic, 34.2% route)

--------------------------------------------------------------------------------

Paths for end point ILA_INST/U0/I_NO_D.U_ILA/U_STAT/U_DIRTY_FDPE (SLICE_X55Y55.BY), 1 path
--------------------------------------------------------------------------------
Delay (setup path):     2.327ns (data path - clock path skew + uncertainty)
  Source:               ILA_INST/U0/I_NO_D.U_ILA/U_STAT/U_DIRTY_LDC (LATCH)
  Destination:          ILA_INST/U0/I_NO_D.U_ILA/U_STAT/U_DIRTY_FDPE (FF)
  Data Path Delay:      2.327ns (Levels of Logic = 1)
  Clock Path Skew:      0.000ns
  Source Clock:         CONTROL0<13> falling
  Destination Clock:    CONTROL0<0> rising at 0.000ns
  Clock Uncertainty:    0.000ns

  Maximum Data Path: ILA_INST/U0/I_NO_D.U_ILA/U_STAT/U_DIRTY_LDC to ILA_INST/U0/I_NO_D.U_ILA/U_STAT/U_DIRTY_FDPE
    Location             Delay type         Delay(ns)  Physical Resource
                                                       Logical Resource(s)
    -------------------------------------------------  -------------------
    SLICE_X54Y54.YQ      Tcklo                 0.646   ILA_INST/U0/I_NO_D.U_ILA/U_STAT/DIRTY_SEL
                                                       ILA_INST/U0/I_NO_D.U_ILA/U_STAT/U_DIRTY_LDC
    SLICE_X54Y55.F4      net (fanout=1)        0.317   ILA_INST/U0/I_NO_D.U_ILA/U_STAT/DIRTY_SEL
    SLICE_X54Y55.X       Tilo                  0.660   ILA_INST/U0/I_NO_D.U_ILA/U_STAT/DIRTY_D0
                                                       ILA_INST/U0/I_NO_D.U_ILA/U_STAT/DIRTY_dstat1
    SLICE_X55Y55.BY      net (fanout=2)        0.390   ILA_INST/U0/I_NO_D.U_ILA/U_STAT/DIRTY_dstat
    SLICE_X55Y55.CLK     Tdick                 0.314   ILA_INST/U0/I_NO_D.U_ILA/U_STAT/DIRTY_D1
                                                       ILA_INST/U0/I_NO_D.U_ILA/U_STAT/U_DIRTY_FDPE
    -------------------------------------------------  ---------------------------
    Total                                      2.327ns (1.620ns logic, 0.707ns route)
                                                       (69.6% logic, 30.4% route)

--------------------------------------------------------------------------------

Paths for end point ILA_INST/U0/I_NO_D.U_ILA/U_STAT/U_DIRTY_FDCE (SLICE_X54Y55.F4), 1 path
--------------------------------------------------------------------------------
Delay (setup path):     1.739ns (data path - clock path skew + uncertainty)
  Source:               ILA_INST/U0/I_NO_D.U_ILA/U_STAT/U_DIRTY_LDC (LATCH)
  Destination:          ILA_INST/U0/I_NO_D.U_ILA/U_STAT/U_DIRTY_FDCE (FF)
  Data Path Delay:      1.739ns (Levels of Logic = 1)
  Clock Path Skew:      0.000ns
  Source Clock:         CONTROL0<13> falling
  Destination Clock:    CONTROL0<0> rising at 0.000ns
  Clock Uncertainty:    0.000ns

  Maximum Data Path: ILA_INST/U0/I_NO_D.U_ILA/U_STAT/U_DIRTY_LDC to ILA_INST/U0/I_NO_D.U_ILA/U_STAT/U_DIRTY_FDCE
    Location             Delay type         Delay(ns)  Physical Resource
                                                       Logical Resource(s)
    -------------------------------------------------  -------------------
    SLICE_X54Y54.YQ      Tcklo                 0.646   ILA_INST/U0/I_NO_D.U_ILA/U_STAT/DIRTY_SEL
                                                       ILA_INST/U0/I_NO_D.U_ILA/U_STAT/U_DIRTY_LDC
    SLICE_X54Y55.F4      net (fanout=1)        0.317   ILA_INST/U0/I_NO_D.U_ILA/U_STAT/DIRTY_SEL
    SLICE_X54Y55.CLK     Tfck                  0.776   ILA_INST/U0/I_NO_D.U_ILA/U_STAT/DIRTY_D0
                                                       ILA_INST/U0/I_NO_D.U_ILA/U_STAT/DIRTY_dstat1
                                                       ILA_INST/U0/I_NO_D.U_ILA/U_STAT/U_DIRTY_FDCE
    -------------------------------------------------  ---------------------------
    Total                                      1.739ns (1.422ns logic, 0.317ns route)
                                                       (81.8% logic, 18.2% route)

--------------------------------------------------------------------------------

Hold Paths: PATH "TS_D2_TO_T2_path" TIG;
--------------------------------------------------------------------------------

Paths for end point ILA_INST/U0/I_NO_D.U_ILA/U_STAT/U_DIRTY_FDCE (SLICE_X54Y55.F4), 1 path
--------------------------------------------------------------------------------
Delay (hold path):      1.257ns (datapath - clock path skew - uncertainty)
  Source:               ILA_INST/U0/I_NO_D.U_ILA/U_STAT/U_DIRTY_LDC (LATCH)
  Destination:          ILA_INST/U0/I_NO_D.U_ILA/U_STAT/U_DIRTY_FDCE (FF)
  Data Path Delay:      1.257ns (Levels of Logic = 1)
  Clock Path Skew:      0.000ns
  Source Clock:         CONTROL0<13> falling
  Destination Clock:    CONTROL0<0> rising at 0.000ns
  Clock Uncertainty:    0.000ns

  Minimum Data Path: ILA_INST/U0/I_NO_D.U_ILA/U_STAT/U_DIRTY_LDC to ILA_INST/U0/I_NO_D.U_ILA/U_STAT/U_DIRTY_FDCE
    Location             Delay type         Delay(ns)  Physical Resource
                                                       Logical Resource(s)
    -------------------------------------------------  -------------------
    SLICE_X54Y54.YQ      Tcklo                 0.517   ILA_INST/U0/I_NO_D.U_ILA/U_STAT/DIRTY_SEL
                                                       ILA_INST/U0/I_NO_D.U_ILA/U_STAT/U_DIRTY_LDC
    SLICE_X54Y55.F4      net (fanout=1)        0.253   ILA_INST/U0/I_NO_D.U_ILA/U_STAT/DIRTY_SEL
    SLICE_X54Y55.CLK     Tckf        (-Th)    -0.487   ILA_INST/U0/I_NO_D.U_ILA/U_STAT/DIRTY_D0
                                                       ILA_INST/U0/I_NO_D.U_ILA/U_STAT/DIRTY_dstat1
                                                       ILA_INST/U0/I_NO_D.U_ILA/U_STAT/U_DIRTY_FDCE
    -------------------------------------------------  ---------------------------
    Total                                      1.257ns (1.004ns logic, 0.253ns route)
                                                       (79.9% logic, 20.1% route)

--------------------------------------------------------------------------------

Paths for end point ILA_INST/U0/I_NO_D.U_ILA/U_STAT/U_DIRTY_FDPE (SLICE_X55Y55.BY), 1 path
--------------------------------------------------------------------------------
Delay (hold path):      1.727ns (datapath - clock path skew - uncertainty)
  Source:               ILA_INST/U0/I_NO_D.U_ILA/U_STAT/U_DIRTY_LDC (LATCH)
  Destination:          ILA_INST/U0/I_NO_D.U_ILA/U_STAT/U_DIRTY_FDPE (FF)
  Data Path Delay:      1.727ns (Levels of Logic = 1)
  Clock Path Skew:      0.000ns
  Source Clock:         CONTROL0<13> falling
  Destination Clock:    CONTROL0<0> rising at 0.000ns
  Clock Uncertainty:    0.000ns

  Minimum Data Path: ILA_INST/U0/I_NO_D.U_ILA/U_STAT/U_DIRTY_LDC to ILA_INST/U0/I_NO_D.U_ILA/U_STAT/U_DIRTY_FDPE
    Location             Delay type         Delay(ns)  Physical Resource
                                                       Logical Resource(s)
    -------------------------------------------------  -------------------
    SLICE_X54Y54.YQ      Tcklo                 0.517   ILA_INST/U0/I_NO_D.U_ILA/U_STAT/DIRTY_SEL
                                                       ILA_INST/U0/I_NO_D.U_ILA/U_STAT/U_DIRTY_LDC
    SLICE_X54Y55.F4      net (fanout=1)        0.253   ILA_INST/U0/I_NO_D.U_ILA/U_STAT/DIRTY_SEL
    SLICE_X54Y55.X       Tilo                  0.528   ILA_INST/U0/I_NO_D.U_ILA/U_STAT/DIRTY_D0
                                                       ILA_INST/U0/I_NO_D.U_ILA/U_STAT/DIRTY_dstat1
    SLICE_X55Y55.BY      net (fanout=2)        0.312   ILA_INST/U0/I_NO_D.U_ILA/U_STAT/DIRTY_dstat
    SLICE_X55Y55.CLK     Tckdi       (-Th)    -0.117   ILA_INST/U0/I_NO_D.U_ILA/U_STAT/DIRTY_D1
                                                       ILA_INST/U0/I_NO_D.U_ILA/U_STAT/U_DIRTY_FDPE
    -------------------------------------------------  ---------------------------
    Total                                      1.727ns (1.162ns logic, 0.565ns route)
                                                       (67.3% logic, 32.7% route)

--------------------------------------------------------------------------------

Paths for end point ILA_INST/U0/I_NO_D.U_ILA/U_STAT/U_TDO (SLICE_X67Y56.F2), 1 path
--------------------------------------------------------------------------------
Delay (hold path):      4.639ns (datapath - clock path skew - uncertainty)
  Source:               ILA_INST/U0/I_NO_D.U_ILA/U_STAT/U_DIRTY_LDC (LATCH)
  Destination:          ILA_INST/U0/I_NO_D.U_ILA/U_STAT/U_TDO (FF)
  Data Path Delay:      4.639ns (Levels of Logic = 4)
  Clock Path Skew:      0.000ns
  Source Clock:         CONTROL0<13> falling
  Destination Clock:    CONTROL0<0> rising at 0.000ns
  Clock Uncertainty:    0.000ns

  Minimum Data Path: ILA_INST/U0/I_NO_D.U_ILA/U_STAT/U_DIRTY_LDC to ILA_INST/U0/I_NO_D.U_ILA/U_STAT/U_TDO
    Location             Delay type         Delay(ns)  Physical Resource
                                                       Logical Resource(s)
    -------------------------------------------------  -------------------
    SLICE_X54Y54.YQ      Tcklo                 0.517   ILA_INST/U0/I_NO_D.U_ILA/U_STAT/DIRTY_SEL
                                                       ILA_INST/U0/I_NO_D.U_ILA/U_STAT/U_DIRTY_LDC
    SLICE_X54Y55.F4      net (fanout=1)        0.253   ILA_INST/U0/I_NO_D.U_ILA/U_STAT/DIRTY_SEL
    SLICE_X54Y55.X       Tilo                  0.528   ILA_INST/U0/I_NO_D.U_ILA/U_STAT/DIRTY_D0
                                                       ILA_INST/U0/I_NO_D.U_ILA/U_STAT/DIRTY_dstat1
    SLICE_X65Y50.G3      net (fanout=2)        0.465   ILA_INST/U0/I_NO_D.U_ILA/U_STAT/DIRTY_dstat
    SLICE_X65Y50.X       Tif5x                 0.712   ILA_INST/U0/I_NO_D.U_ILA/U_STAT/U_DMUX/U_CS_MUX/I3.U_MUX8/Mmux_O_91
                                                       ILA_INST/U0/I_NO_D.U_ILA/U_STAT/U_DMUX/U_CS_MUX/I3.U_MUX8/Mmux_O_91_F
                                                       ILA_INST/U0/I_NO_D.U_ILA/U_STAT/U_DMUX/U_CS_MUX/I3.U_MUX8/Mmux_O_91
    SLICE_X64Y49.G2      net (fanout=1)        0.277   ILA_INST/U0/I_NO_D.U_ILA/U_STAT/U_DMUX/U_CS_MUX/I3.U_MUX8/Mmux_O_91
    SLICE_X64Y49.X       Tif5x                 0.800   ILA_INST/U0/I_NO_D.U_ILA/U_STAT/TDO_mux_in<0>1
                                                       ILA_INST/U0/I_NO_D.U_ILA/U_STAT/U_DMUX/U_CS_MUX/I3.U_MUX8/Mmux_O_4
                                                       ILA_INST/U0/I_NO_D.U_ILA/U_STAT/U_DMUX/U_CS_MUX/I3.U_MUX8/Mmux_O_2_f5
    SLICE_X67Y56.F2      net (fanout=1)        0.639   ILA_INST/U0/I_NO_D.U_ILA/U_STAT/TDO_mux_in<0>1
    SLICE_X67Y56.CLK     Tckf        (-Th)    -0.448   ILA_INST/U0/I_NO_D.U_ILA/iSTAT_DOUT
                                                       ILA_INST/U0/I_NO_D.U_ILA/U_STAT/U_MUX/U_CS_MUX/I1.U_MUX2/O87
                                                       ILA_INST/U0/I_NO_D.U_ILA/U_STAT/U_TDO
    -------------------------------------------------  ---------------------------
    Total                                      4.639ns (3.005ns logic, 1.634ns route)
                                                       (64.8% logic, 35.2% route)

--------------------------------------------------------------------------------

================================================================================
Timing constraint: PATH "TS_J2_TO_D2_path" TIG;

 0 paths analyzed, 0 endpoints analyzed, 0 failing endpoints
 0 timing errors detected.
--------------------------------------------------------------------------------

================================================================================
Timing constraint: PATH "TS_J3_TO_D2_path" TIG;

 0 paths analyzed, 0 endpoints analyzed, 0 failing endpoints
 0 timing errors detected.
--------------------------------------------------------------------------------

================================================================================
Timing constraint: PATH "TS_J4_TO_D2_path" TIG;

 11 paths analyzed, 1 endpoint analyzed, 0 failing endpoints
 0 timing errors detected. (0 setup errors, 0 hold errors)
--------------------------------------------------------------------------------

Paths for end point ILA_INST/U0/I_NO_D.U_ILA/U_STAT/U_DIRTY_LDC (SLICE_X54Y54.CLK), 11 paths
--------------------------------------------------------------------------------
Delay (setup path):     5.895ns (data path)
  Source:               ICON_INST/U0/U_ICON/U_CMD/G_TARGET[10].I_NE0.U_TARGET (FF)
  Destination:          ILA_INST/U0/I_NO_D.U_ILA/U_STAT/U_DIRTY_LDC (LATCH)
  Data Path Delay:      5.895ns (Levels of Logic = 2)
  Source Clock:         CONTROL0<0> rising at 0.000ns

  Maximum Data Path: ICON_INST/U0/U_ICON/U_CMD/G_TARGET[10].I_NE0.U_TARGET to ILA_INST/U0/I_NO_D.U_ILA/U_STAT/U_DIRTY_LDC
    Location             Delay type         Delay(ns)  Physical Resource
                                                       Logical Resource(s)
    -------------------------------------------------  -------------------
    SLICE_X52Y80.YQ      Tcko                  0.567   ICON_INST/U0/U_ICON/U_CMD/iTARGET<11>
                                                       ICON_INST/U0/U_ICON/U_CMD/G_TARGET[10].I_NE0.U_TARGET
    SLICE_X48Y76.F4      net (fanout=17)       1.714   ICON_INST/U0/U_ICON/U_CMD/iTARGET<10>
    SLICE_X48Y76.X       Tilo                  0.660   ICON_INST/U0/U_ICON/iCOMMAND_SEL<9>
                                                       ICON_INST/U0/U_ICON/U_CMD/U_COMMAND_SEL/I4.FI[9].U_LUT
    SLICE_X47Y67.G4      net (fanout=1)        0.817   ICON_INST/U0/U_ICON/iCOMMAND_SEL<9>
    SLICE_X47Y67.Y       Tilo                  0.612   ILA_INST/U0/I_NO_D.U_ILA/U_RST/U_HALT_XFER/din_latched
                                                       ICON_INST/U0/U_ICON/U_CTRL_OUT/F_NCP[0].F_CMD[9].U_LCE
    SLICE_X54Y54.CLK     net (fanout=5)        1.525   CONTROL0<13>
    -------------------------------------------------  ---------------------------
    Total                                      5.895ns (1.839ns logic, 4.056ns route)
                                                       (31.2% logic, 68.8% route)

--------------------------------------------------------------------------------
Delay (setup path):     5.386ns (data path)
  Source:               ICON_INST/U0/U_ICON/U_SYNC/U_SYNC (FF)
  Destination:          ILA_INST/U0/I_NO_D.U_ILA/U_STAT/U_DIRTY_LDC (LATCH)
  Data Path Delay:      5.386ns (Levels of Logic = 2)
  Source Clock:         CONTROL0<0> rising at 0.000ns

  Maximum Data Path: ICON_INST/U0/U_ICON/U_SYNC/U_SYNC to ILA_INST/U0/I_NO_D.U_ILA/U_STAT/U_DIRTY_LDC
    Location             Delay type         Delay(ns)  Physical Resource
                                                       Logical Resource(s)
    -------------------------------------------------  -------------------
    SLICE_X59Y88.YQ      Tcko                  0.511   ICON_INST/U0/U_ICON/iSYNC
                                                       ICON_INST/U0/U_ICON/U_SYNC/U_SYNC
    SLICE_X54Y82.G3      net (fanout=2)        0.807   ICON_INST/U0/U_ICON/iSYNC
    SLICE_X54Y82.Y       Tilo                  0.660   ICON_INST/U0/U_ICON/U_STAT/iDATA_VALID
                                                       ICON_INST/U0/U_ICON/U_CTRL_OUT/U_DATA_VALID
    SLICE_X47Y67.G1      net (fanout=29)       1.271   ICON_INST/U0/U_ICON/U_CTRL_OUT/iDATA_VALID
    SLICE_X47Y67.Y       Tilo                  0.612   ILA_INST/U0/I_NO_D.U_ILA/U_RST/U_HALT_XFER/din_latched
                                                       ICON_INST/U0/U_ICON/U_CTRL_OUT/F_NCP[0].F_CMD[9].U_LCE
    SLICE_X54Y54.CLK     net (fanout=5)        1.525   CONTROL0<13>
    -------------------------------------------------  ---------------------------
    Total                                      5.386ns (1.783ns logic, 3.603ns route)
                                                       (33.1% logic, 66.9% route)

--------------------------------------------------------------------------------
Delay (setup path):     5.353ns (data path)
  Source:               ICON_INST/U0/U_ICON/U_CMD/G_TARGET[12].I_NE0.U_TARGET (FF)
  Destination:          ILA_INST/U0/I_NO_D.U_ILA/U_STAT/U_DIRTY_LDC (LATCH)
  Data Path Delay:      5.353ns (Levels of Logic = 2)
  Source Clock:         CONTROL0<0> rising at 0.000ns

  Maximum Data Path: ICON_INST/U0/U_ICON/U_CMD/G_TARGET[12].I_NE0.U_TARGET to ILA_INST/U0/I_NO_D.U_ILA/U_STAT/U_DIRTY_LDC
    Location             Delay type         Delay(ns)  Physical Resource
                                                       Logical Resource(s)
    -------------------------------------------------  -------------------
    SLICE_X54Y80.YQ      Tcko                  0.567   ICON_INST/U0/U_ICON/iCORE_ID<1>
                                                       ICON_INST/U0/U_ICON/U_CMD/G_TARGET[12].I_NE0.U_TARGET
    SLICE_X54Y81.G2      net (fanout=5)        0.619   ICON_INST/U0/U_ICON/iCORE_ID<0>
    SLICE_X54Y81.Y       Tilo                  0.660   ICON_INST/U0/U_ICON/iCORE_ID_SEL<15>
                                                       ICON_INST/U0/U_ICON/U_CMD/U_CORE_ID_SEL/I4.FI[0].U_LUT
    SLICE_X47Y67.G3      net (fanout=29)       1.370   ICON_INST/U0/U_ICON/iCORE_ID_SEL<0>
    SLICE_X47Y67.Y       Tilo                  0.612   ILA_INST/U0/I_NO_D.U_ILA/U_RST/U_HALT_XFER/din_latched
                                                       ICON_INST/U0/U_ICON/U_CTRL_OUT/F_NCP[0].F_CMD[9].U_LCE
    SLICE_X54Y54.CLK     net (fanout=5)        1.525   CONTROL0<13>
    -------------------------------------------------  ---------------------------
    Total                                      5.353ns (1.839ns logic, 3.514ns route)
                                                       (34.4% logic, 65.6% route)

--------------------------------------------------------------------------------

================================================================================
Timing constraint: TS_U_TO_J = MAXDELAY FROM TIMEGRP "U_CLK" TO TIMEGRP "J_CLK" 
15 ns;
For more information, see From:To (Multicycle) Analysis in the Timing Closure User Guide (UG612).

 18 paths analyzed, 18 endpoints analyzed, 0 failing endpoints
 0 timing errors detected. (0 setup errors, 0 hold errors)
 Maximum delay is   4.589ns.
--------------------------------------------------------------------------------

Paths for end point ICON_INST/U0/U_ICON/U_CMD/G_TARGET[9].I_NE0.U_TARGET (SLICE_X50Y78.CE), 1 path
--------------------------------------------------------------------------------
Slack (setup paths):    10.411ns (requirement - (data path - clock path skew + uncertainty))
  Source:               ICON_INST/U0/U_ICON/U_iDATA_CMD (FF)
  Destination:          ICON_INST/U0/U_ICON/U_CMD/G_TARGET[9].I_NE0.U_TARGET (FF)
  Requirement:          15.000ns
  Data Path Delay:      4.589ns (Levels of Logic = 1)
  Clock Path Skew:      0.000ns
  Source Clock:         ICON_INST/U0/iUPDATE_OUT rising
  Destination Clock:    CONTROL0<0> rising at 0.000ns
  Clock Uncertainty:    0.000ns

  Maximum Data Path: ICON_INST/U0/U_ICON/U_iDATA_CMD to ICON_INST/U0/U_ICON/U_CMD/G_TARGET[9].I_NE0.U_TARGET
    Location             Delay type         Delay(ns)  Physical Resource
                                                       Logical Resource(s)
    -------------------------------------------------  -------------------
    SLICE_X66Y91.YQ      Tcko                  0.567   ICON_INST/U0/U_ICON/iDATA_CMD
                                                       ICON_INST/U0/U_ICON/U_iDATA_CMD
    SLICE_X55Y83.G2      net (fanout=7)        1.949   ICON_INST/U0/U_ICON/iDATA_CMD
    SLICE_X55Y83.Y       Tilo                  0.612   ICON_INST/U0/U_ICON/U_CMD/iTARGET_CE
                                                       ICON_INST/U0/U_ICON/U_CMD/U_TARGET_CE
    SLICE_X50Y78.CE      net (fanout=5)        0.978   ICON_INST/U0/U_ICON/U_CMD/iTARGET_CE
    SLICE_X50Y78.CLK     Tceck                 0.483   ICON_INST/U0/U_ICON/U_CMD/iTARGET<9>
                                                       ICON_INST/U0/U_ICON/U_CMD/G_TARGET[9].I_NE0.U_TARGET
    -------------------------------------------------  ---------------------------
    Total                                      4.589ns (1.662ns logic, 2.927ns route)
                                                       (36.2% logic, 63.8% route)

--------------------------------------------------------------------------------

Paths for end point ICON_INST/U0/U_ICON/U_CMD/G_TARGET[8].I_NE0.U_TARGET (SLICE_X50Y78.CE), 1 path
--------------------------------------------------------------------------------
Slack (setup paths):    10.411ns (requirement - (data path - clock path skew + uncertainty))
  Source:               ICON_INST/U0/U_ICON/U_iDATA_CMD (FF)
  Destination:          ICON_INST/U0/U_ICON/U_CMD/G_TARGET[8].I_NE0.U_TARGET (FF)
  Requirement:          15.000ns
  Data Path Delay:      4.589ns (Levels of Logic = 1)
  Clock Path Skew:      0.000ns
  Source Clock:         ICON_INST/U0/iUPDATE_OUT rising
  Destination Clock:    CONTROL0<0> rising at 0.000ns
  Clock Uncertainty:    0.000ns

  Maximum Data Path: ICON_INST/U0/U_ICON/U_iDATA_CMD to ICON_INST/U0/U_ICON/U_CMD/G_TARGET[8].I_NE0.U_TARGET
    Location             Delay type         Delay(ns)  Physical Resource
                                                       Logical Resource(s)
    -------------------------------------------------  -------------------
    SLICE_X66Y91.YQ      Tcko                  0.567   ICON_INST/U0/U_ICON/iDATA_CMD
                                                       ICON_INST/U0/U_ICON/U_iDATA_CMD
    SLICE_X55Y83.G2      net (fanout=7)        1.949   ICON_INST/U0/U_ICON/iDATA_CMD
    SLICE_X55Y83.Y       Tilo                  0.612   ICON_INST/U0/U_ICON/U_CMD/iTARGET_CE
                                                       ICON_INST/U0/U_ICON/U_CMD/U_TARGET_CE
    SLICE_X50Y78.CE      net (fanout=5)        0.978   ICON_INST/U0/U_ICON/U_CMD/iTARGET_CE
    SLICE_X50Y78.CLK     Tceck                 0.483   ICON_INST/U0/U_ICON/U_CMD/iTARGET<9>
                                                       ICON_INST/U0/U_ICON/U_CMD/G_TARGET[8].I_NE0.U_TARGET
    -------------------------------------------------  ---------------------------
    Total                                      4.589ns (1.662ns logic, 2.927ns route)
                                                       (36.2% logic, 63.8% route)

--------------------------------------------------------------------------------

Paths for end point ICON_INST/U0/U_ICON/U_CMD/G_TARGET[7].I_NE0.U_TARGET (SLICE_X51Y78.CE), 1 path
--------------------------------------------------------------------------------
Slack (setup paths):    10.615ns (requirement - (data path - clock path skew + uncertainty))
  Source:               ICON_INST/U0/U_ICON/U_iDATA_CMD (FF)
  Destination:          ICON_INST/U0/U_ICON/U_CMD/G_TARGET[7].I_NE0.U_TARGET (FF)
  Requirement:          15.000ns
  Data Path Delay:      4.385ns (Levels of Logic = 1)
  Clock Path Skew:      0.000ns
  Source Clock:         ICON_INST/U0/iUPDATE_OUT rising
  Destination Clock:    CONTROL0<0> rising at 0.000ns
  Clock Uncertainty:    0.000ns

  Maximum Data Path: ICON_INST/U0/U_ICON/U_iDATA_CMD to ICON_INST/U0/U_ICON/U_CMD/G_TARGET[7].I_NE0.U_TARGET
    Location             Delay type         Delay(ns)  Physical Resource
                                                       Logical Resource(s)
    -------------------------------------------------  -------------------
    SLICE_X66Y91.YQ      Tcko                  0.567   ICON_INST/U0/U_ICON/iDATA_CMD
                                                       ICON_INST/U0/U_ICON/U_iDATA_CMD
    SLICE_X55Y83.G2      net (fanout=7)        1.949   ICON_INST/U0/U_ICON/iDATA_CMD
    SLICE_X55Y83.Y       Tilo                  0.612   ICON_INST/U0/U_ICON/U_CMD/iTARGET_CE
                                                       ICON_INST/U0/U_ICON/U_CMD/U_TARGET_CE
    SLICE_X51Y78.CE      net (fanout=5)        0.774   ICON_INST/U0/U_ICON/U_CMD/iTARGET_CE
    SLICE_X51Y78.CLK     Tceck                 0.483   ICON_INST/U0/U_ICON/iCOMMAND_GRP<1>
                                                       ICON_INST/U0/U_ICON/U_CMD/G_TARGET[7].I_NE0.U_TARGET
    -------------------------------------------------  ---------------------------
    Total                                      4.385ns (1.662ns logic, 2.723ns route)
                                                       (37.9% logic, 62.1% route)

--------------------------------------------------------------------------------

Fastest Paths: TS_U_TO_J = MAXDELAY FROM TIMEGRP "U_CLK" TO TIMEGRP "J_CLK" 15 ns;
--------------------------------------------------------------------------------

Paths for end point ICON_INST/U0/U_ICON/U_SYNC/G_SYNC_WORD[5].I_NE0.U_FDR (SLICE_X67Y88.SR), 1 path
--------------------------------------------------------------------------------
Slack (hold path):      1.477ns (requirement - (clock path skew + uncertainty - data path))
  Source:               ICON_INST/U0/U_ICON/U_iDATA_CMD (FF)
  Destination:          ICON_INST/U0/U_ICON/U_SYNC/G_SYNC_WORD[5].I_NE0.U_FDR (FF)
  Requirement:          0.000ns
  Data Path Delay:      1.477ns (Levels of Logic = 0)
  Clock Path Skew:      0.000ns
  Source Clock:         ICON_INST/U0/iUPDATE_OUT rising
  Destination Clock:    CONTROL0<0> rising at 0.000ns
  Clock Uncertainty:    0.000ns

  Minimum Data Path: ICON_INST/U0/U_ICON/U_iDATA_CMD to ICON_INST/U0/U_ICON/U_SYNC/G_SYNC_WORD[5].I_NE0.U_FDR
    Location             Delay type         Delay(ns)  Physical Resource
                                                       Logical Resource(s)
    -------------------------------------------------  -------------------
    SLICE_X66Y91.YQ      Tcko                  0.454   ICON_INST/U0/U_ICON/iDATA_CMD
                                                       ICON_INST/U0/U_ICON/U_iDATA_CMD
    SLICE_X67Y88.SR      net (fanout=7)        0.532   ICON_INST/U0/U_ICON/iDATA_CMD
    SLICE_X67Y88.CLK     Tcksr       (-Th)    -0.491   ICON_INST/U0/U_ICON/U_SYNC/iSYNC_WORD<5>
                                                       ICON_INST/U0/U_ICON/U_SYNC/G_SYNC_WORD[5].I_NE0.U_FDR
    -------------------------------------------------  ---------------------------
    Total                                      1.477ns (0.945ns logic, 0.532ns route)
                                                       (64.0% logic, 36.0% route)

--------------------------------------------------------------------------------

Paths for end point ICON_INST/U0/U_ICON/U_SYNC/G_SYNC_WORD[4].I_NE0.U_FDR (SLICE_X67Y88.SR), 1 path
--------------------------------------------------------------------------------
Slack (hold path):      1.477ns (requirement - (clock path skew + uncertainty - data path))
  Source:               ICON_INST/U0/U_ICON/U_iDATA_CMD (FF)
  Destination:          ICON_INST/U0/U_ICON/U_SYNC/G_SYNC_WORD[4].I_NE0.U_FDR (FF)
  Requirement:          0.000ns
  Data Path Delay:      1.477ns (Levels of Logic = 0)
  Clock Path Skew:      0.000ns
  Source Clock:         ICON_INST/U0/iUPDATE_OUT rising
  Destination Clock:    CONTROL0<0> rising at 0.000ns
  Clock Uncertainty:    0.000ns

  Minimum Data Path: ICON_INST/U0/U_ICON/U_iDATA_CMD to ICON_INST/U0/U_ICON/U_SYNC/G_SYNC_WORD[4].I_NE0.U_FDR
    Location             Delay type         Delay(ns)  Physical Resource
                                                       Logical Resource(s)
    -------------------------------------------------  -------------------
    SLICE_X66Y91.YQ      Tcko                  0.454   ICON_INST/U0/U_ICON/iDATA_CMD
                                                       ICON_INST/U0/U_ICON/U_iDATA_CMD
    SLICE_X67Y88.SR      net (fanout=7)        0.532   ICON_INST/U0/U_ICON/iDATA_CMD
    SLICE_X67Y88.CLK     Tcksr       (-Th)    -0.491   ICON_INST/U0/U_ICON/U_SYNC/iSYNC_WORD<5>
                                                       ICON_INST/U0/U_ICON/U_SYNC/G_SYNC_WORD[4].I_NE0.U_FDR
    -------------------------------------------------  ---------------------------
    Total                                      1.477ns (0.945ns logic, 0.532ns route)
                                                       (64.0% logic, 36.0% route)

--------------------------------------------------------------------------------

Paths for end point ICON_INST/U0/U_ICON/U_SYNC/G_SYNC_WORD[6].I_EQ0.U_FDR (SLICE_X67Y89.SR), 1 path
--------------------------------------------------------------------------------
Slack (hold path):      1.477ns (requirement - (clock path skew + uncertainty - data path))
  Source:               ICON_INST/U0/U_ICON/U_iDATA_CMD (FF)
  Destination:          ICON_INST/U0/U_ICON/U_SYNC/G_SYNC_WORD[6].I_EQ0.U_FDR (FF)
  Requirement:          0.000ns
  Data Path Delay:      1.477ns (Levels of Logic = 0)
  Clock Path Skew:      0.000ns
  Source Clock:         ICON_INST/U0/iUPDATE_OUT rising
  Destination Clock:    CONTROL0<0> rising at 0.000ns
  Clock Uncertainty:    0.000ns

  Minimum Data Path: ICON_INST/U0/U_ICON/U_iDATA_CMD to ICON_INST/U0/U_ICON/U_SYNC/G_SYNC_WORD[6].I_EQ0.U_FDR
    Location             Delay type         Delay(ns)  Physical Resource
                                                       Logical Resource(s)
    -------------------------------------------------  -------------------
    SLICE_X66Y91.YQ      Tcko                  0.454   ICON_INST/U0/U_ICON/iDATA_CMD
                                                       ICON_INST/U0/U_ICON/U_iDATA_CMD
    SLICE_X67Y89.SR      net (fanout=7)        0.532   ICON_INST/U0/U_ICON/iDATA_CMD
    SLICE_X67Y89.CLK     Tcksr       (-Th)    -0.491   ICON_INST/U0/U_ICON/U_SYNC/iSYNC_WORD<6>
                                                       ICON_INST/U0/U_ICON/U_SYNC/G_SYNC_WORD[6].I_EQ0.U_FDR
    -------------------------------------------------  ---------------------------
    Total                                      1.477ns (0.945ns logic, 0.532ns route)
                                                       (64.0% logic, 36.0% route)

--------------------------------------------------------------------------------

================================================================================
Timing constraint: TS_U_TO_U = MAXDELAY FROM TIMEGRP "U_CLK" TO TIMEGRP "U_CLK" 
15 ns;
For more information, see From:To (Multicycle) Analysis in the Timing Closure User Guide (UG612).

 1 path analyzed, 1 endpoint analyzed, 0 failing endpoints
 0 timing errors detected. (0 setup errors, 0 hold errors)
 Maximum delay is   1.464ns.
--------------------------------------------------------------------------------

Paths for end point ICON_INST/U0/U_ICON/U_iDATA_CMD (SLICE_X66Y91.BY), 1 path
--------------------------------------------------------------------------------
Slack (setup paths):    13.536ns (requirement - (data path - clock path skew + uncertainty))
  Source:               ICON_INST/U0/U_ICON/U_iDATA_CMD (FF)
  Destination:          ICON_INST/U0/U_ICON/U_iDATA_CMD (FF)
  Requirement:          15.000ns
  Data Path Delay:      1.464ns (Levels of Logic = 0)
  Clock Path Skew:      0.000ns
  Source Clock:         ICON_INST/U0/iUPDATE_OUT rising
  Destination Clock:    ICON_INST/U0/iUPDATE_OUT rising
  Clock Uncertainty:    0.000ns

  Maximum Data Path: ICON_INST/U0/U_ICON/U_iDATA_CMD to ICON_INST/U0/U_ICON/U_iDATA_CMD
    Location             Delay type         Delay(ns)  Physical Resource
                                                       Logical Resource(s)
    -------------------------------------------------  -------------------
    SLICE_X66Y91.YQ      Tcko                  0.567   ICON_INST/U0/U_ICON/iDATA_CMD
                                                       ICON_INST/U0/U_ICON/U_iDATA_CMD
    SLICE_X66Y91.BY      net (fanout=7)        0.564   ICON_INST/U0/U_ICON/iDATA_CMD
    SLICE_X66Y91.CLK     Tdick                 0.333   ICON_INST/U0/U_ICON/iDATA_CMD
                                                       ICON_INST/U0/U_ICON/U_iDATA_CMD
    -------------------------------------------------  ---------------------------
    Total                                      1.464ns (0.900ns logic, 0.564ns route)
                                                       (61.5% logic, 38.5% route)

--------------------------------------------------------------------------------

Fastest Paths: TS_U_TO_U = MAXDELAY FROM TIMEGRP "U_CLK" TO TIMEGRP "U_CLK" 15 ns;
--------------------------------------------------------------------------------

Paths for end point ICON_INST/U0/U_ICON/U_iDATA_CMD (SLICE_X66Y91.BY), 1 path
--------------------------------------------------------------------------------
Slack (hold path):      1.037ns (requirement - (clock path skew + uncertainty - data path))
  Source:               ICON_INST/U0/U_ICON/U_iDATA_CMD (FF)
  Destination:          ICON_INST/U0/U_ICON/U_iDATA_CMD (FF)
  Requirement:          0.000ns
  Data Path Delay:      1.037ns (Levels of Logic = 0)
  Clock Path Skew:      0.000ns
  Source Clock:         ICON_INST/U0/iUPDATE_OUT rising
  Destination Clock:    ICON_INST/U0/iUPDATE_OUT rising
  Clock Uncertainty:    0.000ns

  Minimum Data Path: ICON_INST/U0/U_ICON/U_iDATA_CMD to ICON_INST/U0/U_ICON/U_iDATA_CMD
    Location             Delay type         Delay(ns)  Physical Resource
                                                       Logical Resource(s)
    -------------------------------------------------  -------------------
    SLICE_X66Y91.YQ      Tcko                  0.454   ICON_INST/U0/U_ICON/iDATA_CMD
                                                       ICON_INST/U0/U_ICON/U_iDATA_CMD
    SLICE_X66Y91.BY      net (fanout=7)        0.451   ICON_INST/U0/U_ICON/iDATA_CMD
    SLICE_X66Y91.CLK     Tckdi       (-Th)    -0.132   ICON_INST/U0/U_ICON/iDATA_CMD
                                                       ICON_INST/U0/U_ICON/U_iDATA_CMD
    -------------------------------------------------  ---------------------------
    Total                                      1.037ns (0.586ns logic, 0.451ns route)
                                                       (56.5% logic, 43.5% route)

--------------------------------------------------------------------------------

================================================================================
Timing constraint: PATH "TS_J_TO_D_path" TIG;

 131 paths analyzed, 62 endpoints analyzed, 0 failing endpoints
 0 timing errors detected. (0 setup errors, 0 hold errors)
--------------------------------------------------------------------------------

Paths for end point ILA_INST/U0/I_NO_D.U_ILA/U_G2_SQ.U_CAPCTRL/U_WCNT_HCMP_Q (SLICE_X64Y42.SR), 4 paths
--------------------------------------------------------------------------------
Delay (setup path):     5.676ns (data path - clock path skew + uncertainty)
  Source:               ILA_INST/U0/I_NO_D.U_ILA/U_G2_SQ.U_CAPCTRL/I_SRLT_NE_1.U_CMPRESET/I_NOLUT6.I_SRL_T2.I_YES_RPM.UF0_CFGLUT4 (FF)
  Destination:          ILA_INST/U0/I_NO_D.U_ILA/U_G2_SQ.U_CAPCTRL/U_WCNT_HCMP_Q (FF)
  Data Path Delay:      5.676ns (Levels of Logic = 1)
  Clock Path Skew:      0.000ns
  Source Clock:         CONTROL0<0> rising at 0.000ns
  Destination Clock:    VGA_CORE_INST/pix_clk rising
  Clock Uncertainty:    0.000ns

  Maximum Data Path: ILA_INST/U0/I_NO_D.U_ILA/U_G2_SQ.U_CAPCTRL/I_SRLT_NE_1.U_CMPRESET/I_NOLUT6.I_SRL_T2.I_YES_RPM.UF0_CFGLUT4 to ILA_INST/U0/I_NO_D.U_ILA/U_G2_SQ.U_CAPCTRL/U_WCNT_HCMP_Q
    Location             Delay type         Delay(ns)  Physical Resource
                                                       Logical Resource(s)
    -------------------------------------------------  -------------------
    SLICE_X54Y44.F5      Tregf5                3.509   ILA_INST/U0/I_NO_D.U_ILA/U_G2_SQ.U_CAPCTRL/CMP_RESET
                                                       ILA_INST/U0/I_NO_D.U_ILA/U_G2_SQ.U_CAPCTRL/I_SRLT_NE_1.U_CMPRESET/I_NOLUT6.I_SRL_T2.I_YES_RPM.UF0_CFGLUT4.CE
                                                       ILA_INST/U0/I_NO_D.U_ILA/U_G2_SQ.U_CAPCTRL/I_SRLT_NE_1.U_CMPRESET/I_NOLUT6.I_SRL_T2.I_YES_RPM.UF0_CFGLUT4
                                                       ILA_INST/U0/I_NO_D.U_ILA/U_G2_SQ.U_CAPCTRL/I_SRLT_NE_1.U_CMPRESET/I_NOLUT6.I_SRL_T2.I_YES_RPM.U0_MUXF5
    SLICE_X54Y44.FXINA   net (fanout=1)        0.000   ILA_INST/U0/I_NO_D.U_ILA/U_G2_SQ.U_CAPCTRL/I_SRLT_NE_1.U_CMPRESET/jO<0>
    SLICE_X54Y44.Y       Tif6y                 0.354   ILA_INST/U0/I_NO_D.U_ILA/U_G2_SQ.U_CAPCTRL/CMP_RESET
                                                       ILA_INST/U0/I_NO_D.U_ILA/U_G2_SQ.U_CAPCTRL/I_SRLT_NE_1.U_CMPRESET/I_NOLUT6.I_SRL_T2.I_YES_RPM.I_NO_OREG.U_MUXF6
    SLICE_X64Y42.SR      net (fanout=3)        1.019   ILA_INST/U0/I_NO_D.U_ILA/U_G2_SQ.U_CAPCTRL/CMP_RESET
    SLICE_X64Y42.CLK     Tsrck                 0.794   ILA_INST/U0/I_NO_D.U_ILA/U_G2_SQ.U_CAPCTRL/WCNT_HCMP_Q
                                                       ILA_INST/U0/I_NO_D.U_ILA/U_G2_SQ.U_CAPCTRL/U_WCNT_HCMP_Q
    -------------------------------------------------  ---------------------------
    Total                                      5.676ns (4.657ns logic, 1.019ns route)
                                                       (82.0% logic, 18.0% route)

--------------------------------------------------------------------------------
Delay (setup path):     5.676ns (data path - clock path skew + uncertainty)
  Source:               ILA_INST/U0/I_NO_D.U_ILA/U_G2_SQ.U_CAPCTRL/I_SRLT_NE_1.U_CMPRESET/I_NOLUT6.I_SRL_T2.I_YES_RPM.UG0_CFGLUT4 (FF)
  Destination:          ILA_INST/U0/I_NO_D.U_ILA/U_G2_SQ.U_CAPCTRL/U_WCNT_HCMP_Q (FF)
  Data Path Delay:      5.676ns (Levels of Logic = 1)
  Clock Path Skew:      0.000ns
  Source Clock:         CONTROL0<0> rising at 0.000ns
  Destination Clock:    VGA_CORE_INST/pix_clk rising
  Clock Uncertainty:    0.000ns

  Maximum Data Path: ILA_INST/U0/I_NO_D.U_ILA/U_G2_SQ.U_CAPCTRL/I_SRLT_NE_1.U_CMPRESET/I_NOLUT6.I_SRL_T2.I_YES_RPM.UG0_CFGLUT4 to ILA_INST/U0/I_NO_D.U_ILA/U_G2_SQ.U_CAPCTRL/U_WCNT_HCMP_Q
    Location             Delay type         Delay(ns)  Physical Resource
                                                       Logical Resource(s)
    -------------------------------------------------  -------------------
    SLICE_X54Y44.F5      Tregf5                3.509   ILA_INST/U0/I_NO_D.U_ILA/U_G2_SQ.U_CAPCTRL/CMP_RESET
                                                       ILA_INST/U0/I_NO_D.U_ILA/U_G2_SQ.U_CAPCTRL/I_SRLT_NE_1.U_CMPRESET/I_NOLUT6.I_SRL_T2.I_YES_RPM.UF0_CFGLUT4.CE
                                                       ILA_INST/U0/I_NO_D.U_ILA/U_G2_SQ.U_CAPCTRL/I_SRLT_NE_1.U_CMPRESET/I_NOLUT6.I_SRL_T2.I_YES_RPM.UG0_CFGLUT4
                                                       ILA_INST/U0/I_NO_D.U_ILA/U_G2_SQ.U_CAPCTRL/I_SRLT_NE_1.U_CMPRESET/I_NOLUT6.I_SRL_T2.I_YES_RPM.U0_MUXF5
    SLICE_X54Y44.FXINA   net (fanout=1)        0.000   ILA_INST/U0/I_NO_D.U_ILA/U_G2_SQ.U_CAPCTRL/I_SRLT_NE_1.U_CMPRESET/jO<0>
    SLICE_X54Y44.Y       Tif6y                 0.354   ILA_INST/U0/I_NO_D.U_ILA/U_G2_SQ.U_CAPCTRL/CMP_RESET
                                                       ILA_INST/U0/I_NO_D.U_ILA/U_G2_SQ.U_CAPCTRL/I_SRLT_NE_1.U_CMPRESET/I_NOLUT6.I_SRL_T2.I_YES_RPM.I_NO_OREG.U_MUXF6
    SLICE_X64Y42.SR      net (fanout=3)        1.019   ILA_INST/U0/I_NO_D.U_ILA/U_G2_SQ.U_CAPCTRL/CMP_RESET
    SLICE_X64Y42.CLK     Tsrck                 0.794   ILA_INST/U0/I_NO_D.U_ILA/U_G2_SQ.U_CAPCTRL/WCNT_HCMP_Q
                                                       ILA_INST/U0/I_NO_D.U_ILA/U_G2_SQ.U_CAPCTRL/U_WCNT_HCMP_Q
    -------------------------------------------------  ---------------------------
    Total                                      5.676ns (4.657ns logic, 1.019ns route)
                                                       (82.0% logic, 18.0% route)

--------------------------------------------------------------------------------
Delay (setup path):     5.676ns (data path - clock path skew + uncertainty)
  Source:               ILA_INST/U0/I_NO_D.U_ILA/U_G2_SQ.U_CAPCTRL/I_SRLT_NE_1.U_CMPRESET/I_NOLUT6.I_SRL_T2.I_YES_RPM.UG1_CFGLUT4 (FF)
  Destination:          ILA_INST/U0/I_NO_D.U_ILA/U_G2_SQ.U_CAPCTRL/U_WCNT_HCMP_Q (FF)
  Data Path Delay:      5.676ns (Levels of Logic = 1)
  Clock Path Skew:      0.000ns
  Source Clock:         CONTROL0<0> rising at 0.000ns
  Destination Clock:    VGA_CORE_INST/pix_clk rising
  Clock Uncertainty:    0.000ns

  Maximum Data Path: ILA_INST/U0/I_NO_D.U_ILA/U_G2_SQ.U_CAPCTRL/I_SRLT_NE_1.U_CMPRESET/I_NOLUT6.I_SRL_T2.I_YES_RPM.UG1_CFGLUT4 to ILA_INST/U0/I_NO_D.U_ILA/U_G2_SQ.U_CAPCTRL/U_WCNT_HCMP_Q
    Location             Delay type         Delay(ns)  Physical Resource
                                                       Logical Resource(s)
    -------------------------------------------------  -------------------
    SLICE_X54Y45.F5      Tregf5                3.509   ILA_INST/U0/I_NO_D.U_ILA/U_G2_SQ.U_CAPCTRL/I_SRLT_NE_1.U_CMPRESET/jO<1>
                                                       ILA_INST/U0/I_NO_D.U_ILA/U_G2_SQ.U_CAPCTRL/I_SRLT_NE_1.U_CMPRESET/I_NOLUT6.I_SRL_T2.I_YES_RPM.UF1_CFGLUT4.CE
                                                       ILA_INST/U0/I_NO_D.U_ILA/U_G2_SQ.U_CAPCTRL/I_SRLT_NE_1.U_CMPRESET/I_NOLUT6.I_SRL_T2.I_YES_RPM.UG1_CFGLUT4
                                                       ILA_INST/U0/I_NO_D.U_ILA/U_G2_SQ.U_CAPCTRL/I_SRLT_NE_1.U_CMPRESET/I_NOLUT6.I_SRL_T2.I_YES_RPM.U1_MUXF5
    SLICE_X54Y44.FXINB   net (fanout=1)        0.000   ILA_INST/U0/I_NO_D.U_ILA/U_G2_SQ.U_CAPCTRL/I_SRLT_NE_1.U_CMPRESET/jO<1>
    SLICE_X54Y44.Y       Tif6y                 0.354   ILA_INST/U0/I_NO_D.U_ILA/U_G2_SQ.U_CAPCTRL/CMP_RESET
                                                       ILA_INST/U0/I_NO_D.U_ILA/U_G2_SQ.U_CAPCTRL/I_SRLT_NE_1.U_CMPRESET/I_NOLUT6.I_SRL_T2.I_YES_RPM.I_NO_OREG.U_MUXF6
    SLICE_X64Y42.SR      net (fanout=3)        1.019   ILA_INST/U0/I_NO_D.U_ILA/U_G2_SQ.U_CAPCTRL/CMP_RESET
    SLICE_X64Y42.CLK     Tsrck                 0.794   ILA_INST/U0/I_NO_D.U_ILA/U_G2_SQ.U_CAPCTRL/WCNT_HCMP_Q
                                                       ILA_INST/U0/I_NO_D.U_ILA/U_G2_SQ.U_CAPCTRL/U_WCNT_HCMP_Q
    -------------------------------------------------  ---------------------------
    Total                                      5.676ns (4.657ns logic, 1.019ns route)
                                                       (82.0% logic, 18.0% route)

--------------------------------------------------------------------------------

Paths for end point ILA_INST/U0/I_NO_D.U_ILA/U_G2_SQ.U_CAPCTRL/U_SCNT_CMP_Q (SLICE_X46Y46.SR), 4 paths
--------------------------------------------------------------------------------
Delay (setup path):     5.438ns (data path - clock path skew + uncertainty)
  Source:               ILA_INST/U0/I_NO_D.U_ILA/U_G2_SQ.U_CAPCTRL/I_SRLT_NE_1.U_CMPRESET/I_NOLUT6.I_SRL_T2.I_YES_RPM.UF0_CFGLUT4 (FF)
  Destination:          ILA_INST/U0/I_NO_D.U_ILA/U_G2_SQ.U_CAPCTRL/U_SCNT_CMP_Q (FF)
  Data Path Delay:      5.438ns (Levels of Logic = 1)
  Clock Path Skew:      0.000ns
  Source Clock:         CONTROL0<0> rising at 0.000ns
  Destination Clock:    VGA_CORE_INST/pix_clk rising
  Clock Uncertainty:    0.000ns

  Maximum Data Path: ILA_INST/U0/I_NO_D.U_ILA/U_G2_SQ.U_CAPCTRL/I_SRLT_NE_1.U_CMPRESET/I_NOLUT6.I_SRL_T2.I_YES_RPM.UF0_CFGLUT4 to ILA_INST/U0/I_NO_D.U_ILA/U_G2_SQ.U_CAPCTRL/U_SCNT_CMP_Q
    Location             Delay type         Delay(ns)  Physical Resource
                                                       Logical Resource(s)
    -------------------------------------------------  -------------------
    SLICE_X54Y44.F5      Tregf5                3.509   ILA_INST/U0/I_NO_D.U_ILA/U_G2_SQ.U_CAPCTRL/CMP_RESET
                                                       ILA_INST/U0/I_NO_D.U_ILA/U_G2_SQ.U_CAPCTRL/I_SRLT_NE_1.U_CMPRESET/I_NOLUT6.I_SRL_T2.I_YES_RPM.UF0_CFGLUT4.CE
                                                       ILA_INST/U0/I_NO_D.U_ILA/U_G2_SQ.U_CAPCTRL/I_SRLT_NE_1.U_CMPRESET/I_NOLUT6.I_SRL_T2.I_YES_RPM.UF0_CFGLUT4
                                                       ILA_INST/U0/I_NO_D.U_ILA/U_G2_SQ.U_CAPCTRL/I_SRLT_NE_1.U_CMPRESET/I_NOLUT6.I_SRL_T2.I_YES_RPM.U0_MUXF5
    SLICE_X54Y44.FXINA   net (fanout=1)        0.000   ILA_INST/U0/I_NO_D.U_ILA/U_G2_SQ.U_CAPCTRL/I_SRLT_NE_1.U_CMPRESET/jO<0>
    SLICE_X54Y44.Y       Tif6y                 0.354   ILA_INST/U0/I_NO_D.U_ILA/U_G2_SQ.U_CAPCTRL/CMP_RESET
                                                       ILA_INST/U0/I_NO_D.U_ILA/U_G2_SQ.U_CAPCTRL/I_SRLT_NE_1.U_CMPRESET/I_NOLUT6.I_SRL_T2.I_YES_RPM.I_NO_OREG.U_MUXF6
    SLICE_X46Y46.SR      net (fanout=3)        0.781   ILA_INST/U0/I_NO_D.U_ILA/U_G2_SQ.U_CAPCTRL/CMP_RESET
    SLICE_X46Y46.CLK     Tsrck                 0.794   ILA_INST/U0/I_NO_D.U_ILA/U_G2_SQ.U_CAPCTRL/SCNT_CMP_Q
                                                       ILA_INST/U0/I_NO_D.U_ILA/U_G2_SQ.U_CAPCTRL/U_SCNT_CMP_Q
    -------------------------------------------------  ---------------------------
    Total                                      5.438ns (4.657ns logic, 0.781ns route)
                                                       (85.6% logic, 14.4% route)

--------------------------------------------------------------------------------
Delay (setup path):     5.438ns (data path - clock path skew + uncertainty)
  Source:               ILA_INST/U0/I_NO_D.U_ILA/U_G2_SQ.U_CAPCTRL/I_SRLT_NE_1.U_CMPRESET/I_NOLUT6.I_SRL_T2.I_YES_RPM.UG0_CFGLUT4 (FF)
  Destination:          ILA_INST/U0/I_NO_D.U_ILA/U_G2_SQ.U_CAPCTRL/U_SCNT_CMP_Q (FF)
  Data Path Delay:      5.438ns (Levels of Logic = 1)
  Clock Path Skew:      0.000ns
  Source Clock:         CONTROL0<0> rising at 0.000ns
  Destination Clock:    VGA_CORE_INST/pix_clk rising
  Clock Uncertainty:    0.000ns

  Maximum Data Path: ILA_INST/U0/I_NO_D.U_ILA/U_G2_SQ.U_CAPCTRL/I_SRLT_NE_1.U_CMPRESET/I_NOLUT6.I_SRL_T2.I_YES_RPM.UG0_CFGLUT4 to ILA_INST/U0/I_NO_D.U_ILA/U_G2_SQ.U_CAPCTRL/U_SCNT_CMP_Q
    Location             Delay type         Delay(ns)  Physical Resource
                                                       Logical Resource(s)
    -------------------------------------------------  -------------------
    SLICE_X54Y44.F5      Tregf5                3.509   ILA_INST/U0/I_NO_D.U_ILA/U_G2_SQ.U_CAPCTRL/CMP_RESET
                                                       ILA_INST/U0/I_NO_D.U_ILA/U_G2_SQ.U_CAPCTRL/I_SRLT_NE_1.U_CMPRESET/I_NOLUT6.I_SRL_T2.I_YES_RPM.UF0_CFGLUT4.CE
                                                       ILA_INST/U0/I_NO_D.U_ILA/U_G2_SQ.U_CAPCTRL/I_SRLT_NE_1.U_CMPRESET/I_NOLUT6.I_SRL_T2.I_YES_RPM.UG0_CFGLUT4
                                                       ILA_INST/U0/I_NO_D.U_ILA/U_G2_SQ.U_CAPCTRL/I_SRLT_NE_1.U_CMPRESET/I_NOLUT6.I_SRL_T2.I_YES_RPM.U0_MUXF5
    SLICE_X54Y44.FXINA   net (fanout=1)        0.000   ILA_INST/U0/I_NO_D.U_ILA/U_G2_SQ.U_CAPCTRL/I_SRLT_NE_1.U_CMPRESET/jO<0>
    SLICE_X54Y44.Y       Tif6y                 0.354   ILA_INST/U0/I_NO_D.U_ILA/U_G2_SQ.U_CAPCTRL/CMP_RESET
                                                       ILA_INST/U0/I_NO_D.U_ILA/U_G2_SQ.U_CAPCTRL/I_SRLT_NE_1.U_CMPRESET/I_NOLUT6.I_SRL_T2.I_YES_RPM.I_NO_OREG.U_MUXF6
    SLICE_X46Y46.SR      net (fanout=3)        0.781   ILA_INST/U0/I_NO_D.U_ILA/U_G2_SQ.U_CAPCTRL/CMP_RESET
    SLICE_X46Y46.CLK     Tsrck                 0.794   ILA_INST/U0/I_NO_D.U_ILA/U_G2_SQ.U_CAPCTRL/SCNT_CMP_Q
                                                       ILA_INST/U0/I_NO_D.U_ILA/U_G2_SQ.U_CAPCTRL/U_SCNT_CMP_Q
    -------------------------------------------------  ---------------------------
    Total                                      5.438ns (4.657ns logic, 0.781ns route)
                                                       (85.6% logic, 14.4% route)

--------------------------------------------------------------------------------
Delay (setup path):     5.438ns (data path - clock path skew + uncertainty)
  Source:               ILA_INST/U0/I_NO_D.U_ILA/U_G2_SQ.U_CAPCTRL/I_SRLT_NE_1.U_CMPRESET/I_NOLUT6.I_SRL_T2.I_YES_RPM.UG1_CFGLUT4 (FF)
  Destination:          ILA_INST/U0/I_NO_D.U_ILA/U_G2_SQ.U_CAPCTRL/U_SCNT_CMP_Q (FF)
  Data Path Delay:      5.438ns (Levels of Logic = 1)
  Clock Path Skew:      0.000ns
  Source Clock:         CONTROL0<0> rising at 0.000ns
  Destination Clock:    VGA_CORE_INST/pix_clk rising
  Clock Uncertainty:    0.000ns

  Maximum Data Path: ILA_INST/U0/I_NO_D.U_ILA/U_G2_SQ.U_CAPCTRL/I_SRLT_NE_1.U_CMPRESET/I_NOLUT6.I_SRL_T2.I_YES_RPM.UG1_CFGLUT4 to ILA_INST/U0/I_NO_D.U_ILA/U_G2_SQ.U_CAPCTRL/U_SCNT_CMP_Q
    Location             Delay type         Delay(ns)  Physical Resource
                                                       Logical Resource(s)
    -------------------------------------------------  -------------------
    SLICE_X54Y45.F5      Tregf5                3.509   ILA_INST/U0/I_NO_D.U_ILA/U_G2_SQ.U_CAPCTRL/I_SRLT_NE_1.U_CMPRESET/jO<1>
                                                       ILA_INST/U0/I_NO_D.U_ILA/U_G2_SQ.U_CAPCTRL/I_SRLT_NE_1.U_CMPRESET/I_NOLUT6.I_SRL_T2.I_YES_RPM.UF1_CFGLUT4.CE
                                                       ILA_INST/U0/I_NO_D.U_ILA/U_G2_SQ.U_CAPCTRL/I_SRLT_NE_1.U_CMPRESET/I_NOLUT6.I_SRL_T2.I_YES_RPM.UG1_CFGLUT4
                                                       ILA_INST/U0/I_NO_D.U_ILA/U_G2_SQ.U_CAPCTRL/I_SRLT_NE_1.U_CMPRESET/I_NOLUT6.I_SRL_T2.I_YES_RPM.U1_MUXF5
    SLICE_X54Y44.FXINB   net (fanout=1)        0.000   ILA_INST/U0/I_NO_D.U_ILA/U_G2_SQ.U_CAPCTRL/I_SRLT_NE_1.U_CMPRESET/jO<1>
    SLICE_X54Y44.Y       Tif6y                 0.354   ILA_INST/U0/I_NO_D.U_ILA/U_G2_SQ.U_CAPCTRL/CMP_RESET
                                                       ILA_INST/U0/I_NO_D.U_ILA/U_G2_SQ.U_CAPCTRL/I_SRLT_NE_1.U_CMPRESET/I_NOLUT6.I_SRL_T2.I_YES_RPM.I_NO_OREG.U_MUXF6
    SLICE_X46Y46.SR      net (fanout=3)        0.781   ILA_INST/U0/I_NO_D.U_ILA/U_G2_SQ.U_CAPCTRL/CMP_RESET
    SLICE_X46Y46.CLK     Tsrck                 0.794   ILA_INST/U0/I_NO_D.U_ILA/U_G2_SQ.U_CAPCTRL/SCNT_CMP_Q
                                                       ILA_INST/U0/I_NO_D.U_ILA/U_G2_SQ.U_CAPCTRL/U_SCNT_CMP_Q
    -------------------------------------------------  ---------------------------
    Total                                      5.438ns (4.657ns logic, 0.781ns route)
                                                       (85.6% logic, 14.4% route)

--------------------------------------------------------------------------------

Paths for end point ILA_INST/U0/I_NO_D.U_ILA/U_G2_SQ.U_CAPCTRL/U_SCNT_CMP_Q (SLICE_X46Y46.CE), 2 paths
--------------------------------------------------------------------------------
Delay (setup path):     5.426ns (data path - clock path skew + uncertainty)
  Source:               ILA_INST/U0/I_NO_D.U_ILA/U_G2_SQ.U_CAPCTRL/I_SRLT_NE_1.U_SCMPCE/I_NOLUT6.I_SRL_T2.I_YES_RPM.UG_cs_cfglut4 (FF)
  Destination:          ILA_INST/U0/I_NO_D.U_ILA/U_G2_SQ.U_CAPCTRL/U_SCNT_CMP_Q (FF)
  Data Path Delay:      5.426ns (Levels of Logic = 0)
  Clock Path Skew:      0.000ns
  Source Clock:         CONTROL0<0> rising at 0.000ns
  Destination Clock:    VGA_CORE_INST/pix_clk rising
  Clock Uncertainty:    0.000ns

  Maximum Data Path: ILA_INST/U0/I_NO_D.U_ILA/U_G2_SQ.U_CAPCTRL/I_SRLT_NE_1.U_SCMPCE/I_NOLUT6.I_SRL_T2.I_YES_RPM.UG_cs_cfglut4 to ILA_INST/U0/I_NO_D.U_ILA/U_G2_SQ.U_CAPCTRL/U_SCNT_CMP_Q
    Location             Delay type         Delay(ns)  Physical Resource
                                                       Logical Resource(s)
    -------------------------------------------------  -------------------
    SLICE_X54Y66.X       Treg                  3.613   ILA_INST/U0/I_NO_D.U_ILA/U_G2_SQ.U_CAPCTRL/SCNT_CMP_CE
                                                       ILA_INST/U0/I_NO_D.U_ILA/U_G2_SQ.U_CAPCTRL/I_SRLT_NE_1.U_SCMPCE/I_NOLUT6.I_SRL_T2.I_YES_RPM.UF_cs_cfglut4.CE
                                                       ILA_INST/U0/I_NO_D.U_ILA/U_G2_SQ.U_CAPCTRL/I_SRLT_NE_1.U_SCMPCE/I_NOLUT6.I_SRL_T2.I_YES_RPM.UG_cs_cfglut4
                                                       ILA_INST/U0/I_NO_D.U_ILA/U_G2_SQ.U_CAPCTRL/I_SRLT_NE_1.U_SCMPCE/I_NOLUT6.I_SRL_T2.I_YES_RPM.I_NO_OREG.U_MUXF5
    SLICE_X46Y46.CE      net (fanout=1)        1.330   ILA_INST/U0/I_NO_D.U_ILA/U_G2_SQ.U_CAPCTRL/SCNT_CMP_CE
    SLICE_X46Y46.CLK     Tceck                 0.483   ILA_INST/U0/I_NO_D.U_ILA/U_G2_SQ.U_CAPCTRL/SCNT_CMP_Q
                                                       ILA_INST/U0/I_NO_D.U_ILA/U_G2_SQ.U_CAPCTRL/U_SCNT_CMP_Q
    -------------------------------------------------  ---------------------------
    Total                                      5.426ns (4.096ns logic, 1.330ns route)
                                                       (75.5% logic, 24.5% route)

--------------------------------------------------------------------------------
Delay (setup path):     5.426ns (data path - clock path skew + uncertainty)
  Source:               ILA_INST/U0/I_NO_D.U_ILA/U_G2_SQ.U_CAPCTRL/I_SRLT_NE_1.U_SCMPCE/I_NOLUT6.I_SRL_T2.I_YES_RPM.UF_cs_cfglut4 (FF)
  Destination:          ILA_INST/U0/I_NO_D.U_ILA/U_G2_SQ.U_CAPCTRL/U_SCNT_CMP_Q (FF)
  Data Path Delay:      5.426ns (Levels of Logic = 0)
  Clock Path Skew:      0.000ns
  Source Clock:         CONTROL0<0> rising at 0.000ns
  Destination Clock:    VGA_CORE_INST/pix_clk rising
  Clock Uncertainty:    0.000ns

  Maximum Data Path: ILA_INST/U0/I_NO_D.U_ILA/U_G2_SQ.U_CAPCTRL/I_SRLT_NE_1.U_SCMPCE/I_NOLUT6.I_SRL_T2.I_YES_RPM.UF_cs_cfglut4 to ILA_INST/U0/I_NO_D.U_ILA/U_G2_SQ.U_CAPCTRL/U_SCNT_CMP_Q
    Location             Delay type         Delay(ns)  Physical Resource
                                                       Logical Resource(s)
    -------------------------------------------------  -------------------
    SLICE_X54Y66.X       Treg                  3.613   ILA_INST/U0/I_NO_D.U_ILA/U_G2_SQ.U_CAPCTRL/SCNT_CMP_CE
                                                       ILA_INST/U0/I_NO_D.U_ILA/U_G2_SQ.U_CAPCTRL/I_SRLT_NE_1.U_SCMPCE/I_NOLUT6.I_SRL_T2.I_YES_RPM.UF_cs_cfglut4.CE
                                                       ILA_INST/U0/I_NO_D.U_ILA/U_G2_SQ.U_CAPCTRL/I_SRLT_NE_1.U_SCMPCE/I_NOLUT6.I_SRL_T2.I_YES_RPM.UF_cs_cfglut4
                                                       ILA_INST/U0/I_NO_D.U_ILA/U_G2_SQ.U_CAPCTRL/I_SRLT_NE_1.U_SCMPCE/I_NOLUT6.I_SRL_T2.I_YES_RPM.I_NO_OREG.U_MUXF5
    SLICE_X46Y46.CE      net (fanout=1)        1.330   ILA_INST/U0/I_NO_D.U_ILA/U_G2_SQ.U_CAPCTRL/SCNT_CMP_CE
    SLICE_X46Y46.CLK     Tceck                 0.483   ILA_INST/U0/I_NO_D.U_ILA/U_G2_SQ.U_CAPCTRL/SCNT_CMP_Q
                                                       ILA_INST/U0/I_NO_D.U_ILA/U_G2_SQ.U_CAPCTRL/U_SCNT_CMP_Q
    -------------------------------------------------  ---------------------------
    Total                                      5.426ns (4.096ns logic, 1.330ns route)
                                                       (75.5% logic, 24.5% route)

--------------------------------------------------------------------------------

Hold Paths: PATH "TS_J_TO_D_path" TIG;
--------------------------------------------------------------------------------

Paths for end point ILA_INST/U0/I_NO_D.U_ILA/U_G2_SQ.U_CAPCTRL/U_CAP_ADDRGEN/I_INTCAP.F_CAP_ADDR[9].U_iCAP_ADDR (SLICE_X44Y44.F3), 1 path
--------------------------------------------------------------------------------
Delay (hold path):      1.158ns (datapath - clock path skew - uncertainty)
  Source:               ILA_INST/U0/I_NO_D.U_ILA/U_G2_SQ.U_CAPCTRL/U_CAP_ADDRGEN/I_0_TO_64K.F_SEL[9].U_SEL (FF)
  Destination:          ILA_INST/U0/I_NO_D.U_ILA/U_G2_SQ.U_CAPCTRL/U_CAP_ADDRGEN/I_INTCAP.F_CAP_ADDR[9].U_iCAP_ADDR (FF)
  Data Path Delay:      1.158ns (Levels of Logic = 1)
  Clock Path Skew:      0.000ns
  Source Clock:         CONTROL0<0> rising at 0.000ns
  Destination Clock:    VGA_CORE_INST/pix_clk rising
  Clock Uncertainty:    0.000ns

  Minimum Data Path: ILA_INST/U0/I_NO_D.U_ILA/U_G2_SQ.U_CAPCTRL/U_CAP_ADDRGEN/I_0_TO_64K.F_SEL[9].U_SEL to ILA_INST/U0/I_NO_D.U_ILA/U_G2_SQ.U_CAPCTRL/U_CAP_ADDRGEN/I_INTCAP.F_CAP_ADDR[9].U_iCAP_ADDR
    Location             Delay type         Delay(ns)  Physical Resource
                                                       Logical Resource(s)
    -------------------------------------------------  -------------------
    SLICE_X45Y42.XQ      Tcko                  0.411   ILA_INST/U0/I_NO_D.U_ILA/U_G2_SQ.U_CAPCTRL/U_CAP_ADDRGEN/cfg_data_vec<10>
                                                       ILA_INST/U0/I_NO_D.U_ILA/U_G2_SQ.U_CAPCTRL/U_CAP_ADDRGEN/I_0_TO_64K.F_SEL[9].U_SEL
    SLICE_X44Y44.F3      net (fanout=2)        0.260   ILA_INST/U0/I_NO_D.U_ILA/U_G2_SQ.U_CAPCTRL/U_CAP_ADDRGEN/cfg_data_vec<10>
    SLICE_X44Y44.CLK     Tckf        (-Th)    -0.487   ILA_INST/U0/I_NO_D.U_ILA/U_G2_SQ.U_CAPCTRL/U_CAP_ADDRGEN/iCAP_ADDR<9>
                                                       ILA_INST/U0/I_NO_D.U_ILA/U_G2_SQ.U_CAPCTRL/U_CAP_ADDRGEN/I_INTCAP.F_CAP_ADDR[9].U_CAP_ADDR_MUX
                                                       ILA_INST/U0/I_NO_D.U_ILA/U_G2_SQ.U_CAPCTRL/U_CAP_ADDRGEN/I_INTCAP.F_CAP_ADDR[9].U_iCAP_ADDR
    -------------------------------------------------  ---------------------------
    Total                                      1.158ns (0.898ns logic, 0.260ns route)
                                                       (77.5% logic, 22.5% route)

--------------------------------------------------------------------------------

Paths for end point ILA_INST/U0/I_NO_D.U_ILA/U_G2_SQ.U_CAPCTRL/U_CAP_ADDRGEN/I_INTCAP.F_CAP_ADDR[1].U_iCAP_ADDR (SLICE_X46Y42.F3), 1 path
--------------------------------------------------------------------------------
Delay (hold path):      1.180ns (datapath - clock path skew - uncertainty)
  Source:               ILA_INST/U0/I_NO_D.U_ILA/U_G2_SQ.U_CAPCTRL/U_CAP_ADDRGEN/I_0_TO_64K.F_SEL[1].U_SEL (FF)
  Destination:          ILA_INST/U0/I_NO_D.U_ILA/U_G2_SQ.U_CAPCTRL/U_CAP_ADDRGEN/I_INTCAP.F_CAP_ADDR[1].U_iCAP_ADDR (FF)
  Data Path Delay:      1.180ns (Levels of Logic = 1)
  Clock Path Skew:      0.000ns
  Source Clock:         CONTROL0<0> rising at 0.000ns
  Destination Clock:    VGA_CORE_INST/pix_clk rising
  Clock Uncertainty:    0.000ns

  Minimum Data Path: ILA_INST/U0/I_NO_D.U_ILA/U_G2_SQ.U_CAPCTRL/U_CAP_ADDRGEN/I_0_TO_64K.F_SEL[1].U_SEL to ILA_INST/U0/I_NO_D.U_ILA/U_G2_SQ.U_CAPCTRL/U_CAP_ADDRGEN/I_INTCAP.F_CAP_ADDR[1].U_iCAP_ADDR
    Location             Delay type         Delay(ns)  Physical Resource
                                                       Logical Resource(s)
    -------------------------------------------------  -------------------
    SLICE_X46Y40.XQ      Tcko                  0.412   ILA_INST/U0/I_NO_D.U_ILA/U_G2_SQ.U_CAPCTRL/U_CAP_ADDRGEN/cfg_data_vec<2>
                                                       ILA_INST/U0/I_NO_D.U_ILA/U_G2_SQ.U_CAPCTRL/U_CAP_ADDRGEN/I_0_TO_64K.F_SEL[1].U_SEL
    SLICE_X46Y42.F3      net (fanout=2)        0.281   ILA_INST/U0/I_NO_D.U_ILA/U_G2_SQ.U_CAPCTRL/U_CAP_ADDRGEN/cfg_data_vec<2>
    SLICE_X46Y42.CLK     Tckf        (-Th)    -0.487   ILA_INST/U0/I_NO_D.U_ILA/U_G2_SQ.U_CAPCTRL/U_CAP_ADDRGEN/iCAP_ADDR<1>
                                                       ILA_INST/U0/I_NO_D.U_ILA/U_G2_SQ.U_CAPCTRL/U_CAP_ADDRGEN/I_INTCAP.F_CAP_ADDR[1].U_CAP_ADDR_MUX
                                                       ILA_INST/U0/I_NO_D.U_ILA/U_G2_SQ.U_CAPCTRL/U_CAP_ADDRGEN/I_INTCAP.F_CAP_ADDR[1].U_iCAP_ADDR
    -------------------------------------------------  ---------------------------
    Total                                      1.180ns (0.899ns logic, 0.281ns route)
                                                       (76.2% logic, 23.8% route)

--------------------------------------------------------------------------------

Paths for end point ILA_INST/U0/I_NO_D.U_ILA/U_G2_SQ.U_CAPCTRL/U_CAP_ADDRGEN/I_INTCAP.F_CAP_ADDR[3].U_iCAP_ADDR (SLICE_X42Y40.F4), 1 path
--------------------------------------------------------------------------------
Delay (hold path):      1.194ns (datapath - clock path skew - uncertainty)
  Source:               ILA_INST/U0/I_NO_D.U_ILA/U_G2_SQ.U_CAPCTRL/U_CAP_ADDRGEN/I_0_TO_64K.F_SEL[3].U_SEL (FF)
  Destination:          ILA_INST/U0/I_NO_D.U_ILA/U_G2_SQ.U_CAPCTRL/U_CAP_ADDRGEN/I_INTCAP.F_CAP_ADDR[3].U_iCAP_ADDR (FF)
  Data Path Delay:      1.194ns (Levels of Logic = 1)
  Clock Path Skew:      0.000ns
  Source Clock:         CONTROL0<0> rising at 0.000ns
  Destination Clock:    VGA_CORE_INST/pix_clk rising
  Clock Uncertainty:    0.000ns

  Minimum Data Path: ILA_INST/U0/I_NO_D.U_ILA/U_G2_SQ.U_CAPCTRL/U_CAP_ADDRGEN/I_0_TO_64K.F_SEL[3].U_SEL to ILA_INST/U0/I_NO_D.U_ILA/U_G2_SQ.U_CAPCTRL/U_CAP_ADDRGEN/I_INTCAP.F_CAP_ADDR[3].U_iCAP_ADDR
    Location             Delay type         Delay(ns)  Physical Resource
                                                       Logical Resource(s)
    -------------------------------------------------  -------------------
    SLICE_X43Y40.XQ      Tcko                  0.411   ILA_INST/U0/I_NO_D.U_ILA/U_G2_SQ.U_CAPCTRL/U_CAP_ADDRGEN/cfg_data_vec<4>
                                                       ILA_INST/U0/I_NO_D.U_ILA/U_G2_SQ.U_CAPCTRL/U_CAP_ADDRGEN/I_0_TO_64K.F_SEL[3].U_SEL
    SLICE_X42Y40.F4      net (fanout=2)        0.296   ILA_INST/U0/I_NO_D.U_ILA/U_G2_SQ.U_CAPCTRL/U_CAP_ADDRGEN/cfg_data_vec<4>
    SLICE_X42Y40.CLK     Tckf        (-Th)    -0.487   ILA_INST/U0/I_NO_D.U_ILA/U_G2_SQ.U_CAPCTRL/U_CAP_ADDRGEN/iCAP_ADDR<3>
                                                       ILA_INST/U0/I_NO_D.U_ILA/U_G2_SQ.U_CAPCTRL/U_CAP_ADDRGEN/I_INTCAP.F_CAP_ADDR[3].U_CAP_ADDR_MUX
                                                       ILA_INST/U0/I_NO_D.U_ILA/U_G2_SQ.U_CAPCTRL/U_CAP_ADDRGEN/I_INTCAP.F_CAP_ADDR[3].U_iCAP_ADDR
    -------------------------------------------------  ---------------------------
    Total                                      1.194ns (0.898ns logic, 0.296ns route)
                                                       (75.2% logic, 24.8% route)

--------------------------------------------------------------------------------

================================================================================
Timing constraint: PATH "TS_D_TO_J_path" TIG;

 225 paths analyzed, 209 endpoints analyzed, 0 failing endpoints
 0 timing errors detected. (0 setup errors, 0 hold errors)
--------------------------------------------------------------------------------

Paths for end point ILA_INST/U0/I_NO_D.U_ILA/U_STAT/U_TDO (SLICE_X67Y56.F2), 17 paths
--------------------------------------------------------------------------------
Delay (setup path):     6.957ns (data path - clock path skew + uncertainty)
  Source:               ILA_INST/U0/I_NO_D.U_ILA/U_STAT/U_FULL (FF)
  Destination:          ILA_INST/U0/I_NO_D.U_ILA/U_STAT/U_TDO (FF)
  Data Path Delay:      6.957ns (Levels of Logic = 4)
  Clock Path Skew:      0.000ns
  Source Clock:         VGA_CORE_INST/pix_clk rising
  Destination Clock:    CONTROL0<0> rising at 0.000ns
  Clock Uncertainty:    0.000ns

  Maximum Data Path: ILA_INST/U0/I_NO_D.U_ILA/U_STAT/U_FULL to ILA_INST/U0/I_NO_D.U_ILA/U_STAT/U_TDO
    Location             Delay type         Delay(ns)  Physical Resource
                                                       Logical Resource(s)
    -------------------------------------------------  -------------------
    SLICE_X67Y66.XQ      Tcko                  0.514   ILA_INST/U0/I_NO_D.U_ILA/U_STAT/FULL_dstat
                                                       ILA_INST/U0/I_NO_D.U_ILA/U_STAT/U_FULL
    SLICE_X65Y58.G2      net (fanout=2)        0.835   ILA_INST/U0/I_NO_D.U_ILA/U_STAT/FULL_dstat
    SLICE_X65Y58.X       Tif5x                 0.890   ILA_INST/U0/I_NO_D.U_ILA/U_STAT/U_DMUX/U_CS_MUX/I3.U_MUX8/Mmux_O_12_f5
                                                       ILA_INST/U0/I_NO_D.U_ILA/U_STAT/U_DMUX/U_CS_MUX/I3.U_MUX8/Mmux_O_14
                                                       ILA_INST/U0/I_NO_D.U_ILA/U_STAT/U_DMUX/U_CS_MUX/I3.U_MUX8/Mmux_O_12_f5
    SLICE_X55Y48.F2      net (fanout=1)        1.258   ILA_INST/U0/I_NO_D.U_ILA/U_STAT/U_DMUX/U_CS_MUX/I3.U_MUX8/Mmux_O_12_f5
    SLICE_X55Y48.X       Tilo                  0.612   ILA_INST/U0/I_NO_D.U_ILA/U_STAT/U_DMUX/U_CS_MUX/I3.U_MUX8/Mmux_O_8
                                                       ILA_INST/U0/I_NO_D.U_ILA/U_STAT/U_DMUX/U_CS_MUX/I3.U_MUX8/Mmux_O_8
    SLICE_X64Y49.G3      net (fanout=1)        0.322   ILA_INST/U0/I_NO_D.U_ILA/U_STAT/U_DMUX/U_CS_MUX/I3.U_MUX8/Mmux_O_8
    SLICE_X64Y49.X       Tif5x                 1.000   ILA_INST/U0/I_NO_D.U_ILA/U_STAT/TDO_mux_in<0>1
                                                       ILA_INST/U0/I_NO_D.U_ILA/U_STAT/U_DMUX/U_CS_MUX/I3.U_MUX8/Mmux_O_4
                                                       ILA_INST/U0/I_NO_D.U_ILA/U_STAT/U_DMUX/U_CS_MUX/I3.U_MUX8/Mmux_O_2_f5
    SLICE_X67Y56.F2      net (fanout=1)        0.798   ILA_INST/U0/I_NO_D.U_ILA/U_STAT/TDO_mux_in<0>1
    SLICE_X67Y56.CLK     Tfck                  0.728   ILA_INST/U0/I_NO_D.U_ILA/iSTAT_DOUT
                                                       ILA_INST/U0/I_NO_D.U_ILA/U_STAT/U_MUX/U_CS_MUX/I1.U_MUX2/O87
                                                       ILA_INST/U0/I_NO_D.U_ILA/U_STAT/U_TDO
    -------------------------------------------------  ---------------------------
    Total                                      6.957ns (3.744ns logic, 3.213ns route)
                                                       (53.8% logic, 46.2% route)

--------------------------------------------------------------------------------
Delay (setup path):     6.556ns (data path - clock path skew + uncertainty)
  Source:               ILA_INST/U0/I_NO_D.U_ILA/U_STAT/U_STATE1 (FF)
  Destination:          ILA_INST/U0/I_NO_D.U_ILA/U_STAT/U_TDO (FF)
  Data Path Delay:      6.556ns (Levels of Logic = 4)
  Clock Path Skew:      0.000ns
  Source Clock:         VGA_CORE_INST/pix_clk rising
  Destination Clock:    CONTROL0<0> rising at 0.000ns
  Clock Uncertainty:    0.000ns

  Maximum Data Path: ILA_INST/U0/I_NO_D.U_ILA/U_STAT/U_STATE1 to ILA_INST/U0/I_NO_D.U_ILA/U_STAT/U_TDO
    Location             Delay type         Delay(ns)  Physical Resource
                                                       Logical Resource(s)
    -------------------------------------------------  -------------------
    SLICE_X64Y58.XQ      Tcko                  0.515   ILA_INST/U0/I_NO_D.U_ILA/U_STAT/STATE_dstat<1>
                                                       ILA_INST/U0/I_NO_D.U_ILA/U_STAT/U_STATE1
    SLICE_X65Y58.F1      net (fanout=1)        0.433   ILA_INST/U0/I_NO_D.U_ILA/U_STAT/STATE_dstat<1>
    SLICE_X65Y58.X       Tif5x                 0.890   ILA_INST/U0/I_NO_D.U_ILA/U_STAT/U_DMUX/U_CS_MUX/I3.U_MUX8/Mmux_O_12_f5
                                                       ILA_INST/U0/I_NO_D.U_ILA/U_STAT/U_DMUX/U_CS_MUX/I3.U_MUX8/Mmux_O_13
                                                       ILA_INST/U0/I_NO_D.U_ILA/U_STAT/U_DMUX/U_CS_MUX/I3.U_MUX8/Mmux_O_12_f5
    SLICE_X55Y48.F2      net (fanout=1)        1.258   ILA_INST/U0/I_NO_D.U_ILA/U_STAT/U_DMUX/U_CS_MUX/I3.U_MUX8/Mmux_O_12_f5
    SLICE_X55Y48.X       Tilo                  0.612   ILA_INST/U0/I_NO_D.U_ILA/U_STAT/U_DMUX/U_CS_MUX/I3.U_MUX8/Mmux_O_8
                                                       ILA_INST/U0/I_NO_D.U_ILA/U_STAT/U_DMUX/U_CS_MUX/I3.U_MUX8/Mmux_O_8
    SLICE_X64Y49.G3      net (fanout=1)        0.322   ILA_INST/U0/I_NO_D.U_ILA/U_STAT/U_DMUX/U_CS_MUX/I3.U_MUX8/Mmux_O_8
    SLICE_X64Y49.X       Tif5x                 1.000   ILA_INST/U0/I_NO_D.U_ILA/U_STAT/TDO_mux_in<0>1
                                                       ILA_INST/U0/I_NO_D.U_ILA/U_STAT/U_DMUX/U_CS_MUX/I3.U_MUX8/Mmux_O_4
                                                       ILA_INST/U0/I_NO_D.U_ILA/U_STAT/U_DMUX/U_CS_MUX/I3.U_MUX8/Mmux_O_2_f5
    SLICE_X67Y56.F2      net (fanout=1)        0.798   ILA_INST/U0/I_NO_D.U_ILA/U_STAT/TDO_mux_in<0>1
    SLICE_X67Y56.CLK     Tfck                  0.728   ILA_INST/U0/I_NO_D.U_ILA/iSTAT_DOUT
                                                       ILA_INST/U0/I_NO_D.U_ILA/U_STAT/U_MUX/U_CS_MUX/I1.U_MUX2/O87
                                                       ILA_INST/U0/I_NO_D.U_ILA/U_STAT/U_TDO
    -------------------------------------------------  ---------------------------
    Total                                      6.556ns (3.745ns logic, 2.811ns route)
                                                       (57.1% logic, 42.9% route)

--------------------------------------------------------------------------------
Delay (setup path):     6.492ns (data path - clock path skew + uncertainty)
  Source:               ILA_INST/U0/I_NO_D.U_ILA/U_STAT/U_STATE0 (FF)
  Destination:          ILA_INST/U0/I_NO_D.U_ILA/U_STAT/U_TDO (FF)
  Data Path Delay:      6.492ns (Levels of Logic = 4)
  Clock Path Skew:      0.000ns
  Source Clock:         VGA_CORE_INST/pix_clk rising
  Destination Clock:    CONTROL0<0> rising at 0.000ns
  Clock Uncertainty:    0.000ns

  Maximum Data Path: ILA_INST/U0/I_NO_D.U_ILA/U_STAT/U_STATE0 to ILA_INST/U0/I_NO_D.U_ILA/U_STAT/U_TDO
    Location             Delay type         Delay(ns)  Physical Resource
                                                       Logical Resource(s)
    -------------------------------------------------  -------------------
    SLICE_X64Y58.YQ      Tcko                  0.567   ILA_INST/U0/I_NO_D.U_ILA/U_STAT/STATE_dstat<1>
                                                       ILA_INST/U0/I_NO_D.U_ILA/U_STAT/U_STATE0
    SLICE_X65Y58.F4      net (fanout=1)        0.317   ILA_INST/U0/I_NO_D.U_ILA/U_STAT/STATE_dstat<0>
    SLICE_X65Y58.X       Tif5x                 0.890   ILA_INST/U0/I_NO_D.U_ILA/U_STAT/U_DMUX/U_CS_MUX/I3.U_MUX8/Mmux_O_12_f5
                                                       ILA_INST/U0/I_NO_D.U_ILA/U_STAT/U_DMUX/U_CS_MUX/I3.U_MUX8/Mmux_O_13
                                                       ILA_INST/U0/I_NO_D.U_ILA/U_STAT/U_DMUX/U_CS_MUX/I3.U_MUX8/Mmux_O_12_f5
    SLICE_X55Y48.F2      net (fanout=1)        1.258   ILA_INST/U0/I_NO_D.U_ILA/U_STAT/U_DMUX/U_CS_MUX/I3.U_MUX8/Mmux_O_12_f5
    SLICE_X55Y48.X       Tilo                  0.612   ILA_INST/U0/I_NO_D.U_ILA/U_STAT/U_DMUX/U_CS_MUX/I3.U_MUX8/Mmux_O_8
                                                       ILA_INST/U0/I_NO_D.U_ILA/U_STAT/U_DMUX/U_CS_MUX/I3.U_MUX8/Mmux_O_8
    SLICE_X64Y49.G3      net (fanout=1)        0.322   ILA_INST/U0/I_NO_D.U_ILA/U_STAT/U_DMUX/U_CS_MUX/I3.U_MUX8/Mmux_O_8
    SLICE_X64Y49.X       Tif5x                 1.000   ILA_INST/U0/I_NO_D.U_ILA/U_STAT/TDO_mux_in<0>1
                                                       ILA_INST/U0/I_NO_D.U_ILA/U_STAT/U_DMUX/U_CS_MUX/I3.U_MUX8/Mmux_O_4
                                                       ILA_INST/U0/I_NO_D.U_ILA/U_STAT/U_DMUX/U_CS_MUX/I3.U_MUX8/Mmux_O_2_f5
    SLICE_X67Y56.F2      net (fanout=1)        0.798   ILA_INST/U0/I_NO_D.U_ILA/U_STAT/TDO_mux_in<0>1
    SLICE_X67Y56.CLK     Tfck                  0.728   ILA_INST/U0/I_NO_D.U_ILA/iSTAT_DOUT
                                                       ILA_INST/U0/I_NO_D.U_ILA/U_STAT/U_MUX/U_CS_MUX/I1.U_MUX2/O87
                                                       ILA_INST/U0/I_NO_D.U_ILA/U_STAT/U_TDO
    -------------------------------------------------  ---------------------------
    Total                                      6.492ns (3.797ns logic, 2.695ns route)
                                                       (58.5% logic, 41.5% route)

--------------------------------------------------------------------------------

Paths for end point ILA_INST/U0/I_NO_D.U_ILA/U_G2_SQ.U_CAPCTRL/I_SRLT_NE_1.U_WLCMPCE/I_NOLUT6.I_SRL_T2.I_YES_RPM.UG_cs_cfglut4 (SLICE_X64Y57.G2), 1 path
--------------------------------------------------------------------------------
Delay (setup path):     3.635ns (data path)
  Source:               ILA_INST/U0/I_NO_D.U_ILA/U_G2_SQ.U_CAPCTRL/I_SRLT_NE_1.U_NS1/I_NOLUT6.I_SRL_T2.I_YES_RPM.I_YES_OREG.OUT_REG (FF)
  Destination:          ILA_INST/U0/I_NO_D.U_ILA/U_G2_SQ.U_CAPCTRL/I_SRLT_NE_1.U_WLCMPCE/I_NOLUT6.I_SRL_T2.I_YES_RPM.UG_cs_cfglut4 (FF)
  Data Path Delay:      3.635ns (Levels of Logic = 0)
  Source Clock:         VGA_CORE_INST/pix_clk rising

  Maximum Data Path: ILA_INST/U0/I_NO_D.U_ILA/U_G2_SQ.U_CAPCTRL/I_SRLT_NE_1.U_NS1/I_NOLUT6.I_SRL_T2.I_YES_RPM.I_YES_OREG.OUT_REG to ILA_INST/U0/I_NO_D.U_ILA/U_G2_SQ.U_CAPCTRL/I_SRLT_NE_1.U_WLCMPCE/I_NOLUT6.I_SRL_T2.I_YES_RPM.UG_cs_cfglut4
    Location             Delay type         Delay(ns)  Physical Resource
                                                       Logical Resource(s)
    -------------------------------------------------  -------------------
    SLICE_X55Y42.YQ      Tcko                  0.511   ILA_INST/U0/I_NO_D.U_ILA/iCAP_STATE<1>
                                                       ILA_INST/U0/I_NO_D.U_ILA/U_G2_SQ.U_CAPCTRL/I_SRLT_NE_1.U_NS1/I_NOLUT6.I_SRL_T2.I_YES_RPM.I_YES_OREG.OUT_REG
    SLICE_X64Y57.G2      net (fanout=38)       3.124   ILA_INST/U0/I_NO_D.U_ILA/iCAP_STATE<1>
    -------------------------------------------------  ---------------------------
    Total                                      3.635ns (0.511ns logic, 3.124ns route)
                                                       (14.1% logic, 85.9% route)

--------------------------------------------------------------------------------

Paths for end point ILA_INST/U0/I_NO_D.U_ILA/U_G2_SQ.U_CAPCTRL/I_SRLT_NE_1.U_WLCMPCE/I_NOLUT6.I_SRL_T2.I_YES_RPM.UF_cs_cfglut4 (SLICE_X64Y57.F2), 1 path
--------------------------------------------------------------------------------
Delay (setup path):     3.601ns (data path)
  Source:               ILA_INST/U0/I_NO_D.U_ILA/U_G2_SQ.U_CAPCTRL/I_SRLT_NE_1.U_NS1/I_NOLUT6.I_SRL_T2.I_YES_RPM.I_YES_OREG.OUT_REG (FF)
  Destination:          ILA_INST/U0/I_NO_D.U_ILA/U_G2_SQ.U_CAPCTRL/I_SRLT_NE_1.U_WLCMPCE/I_NOLUT6.I_SRL_T2.I_YES_RPM.UF_cs_cfglut4 (FF)
  Data Path Delay:      3.601ns (Levels of Logic = 0)
  Source Clock:         VGA_CORE_INST/pix_clk rising

  Maximum Data Path: ILA_INST/U0/I_NO_D.U_ILA/U_G2_SQ.U_CAPCTRL/I_SRLT_NE_1.U_NS1/I_NOLUT6.I_SRL_T2.I_YES_RPM.I_YES_OREG.OUT_REG to ILA_INST/U0/I_NO_D.U_ILA/U_G2_SQ.U_CAPCTRL/I_SRLT_NE_1.U_WLCMPCE/I_NOLUT6.I_SRL_T2.I_YES_RPM.UF_cs_cfglut4
    Location             Delay type         Delay(ns)  Physical Resource
                                                       Logical Resource(s)
    -------------------------------------------------  -------------------
    SLICE_X55Y42.YQ      Tcko                  0.511   ILA_INST/U0/I_NO_D.U_ILA/iCAP_STATE<1>
                                                       ILA_INST/U0/I_NO_D.U_ILA/U_G2_SQ.U_CAPCTRL/I_SRLT_NE_1.U_NS1/I_NOLUT6.I_SRL_T2.I_YES_RPM.I_YES_OREG.OUT_REG
    SLICE_X64Y57.F2      net (fanout=38)       3.090   ILA_INST/U0/I_NO_D.U_ILA/iCAP_STATE<1>
    -------------------------------------------------  ---------------------------
    Total                                      3.601ns (0.511ns logic, 3.090ns route)
                                                       (14.2% logic, 85.8% route)

--------------------------------------------------------------------------------

================================================================================
Timing constraint: TS_J_CLK = PERIOD TIMEGRP "J_CLK" 30 ns HIGH 50%;
For more information, see Period Analysis in the Timing Closure User Guide (UG612).

 2943 paths analyzed, 299 endpoints analyzed, 0 failing endpoints
 0 timing errors detected. (0 setup errors, 0 hold errors, 0 component switching limit errors)
 Minimum period is  13.765ns.
--------------------------------------------------------------------------------

Paths for end point ILA_INST/U0/I_NO_D.U_ILA/U_STAT/U_TDO (SLICE_X67Y56.F3), 684 paths
--------------------------------------------------------------------------------
Slack (setup path):     16.235ns (requirement - (data path - clock path skew + uncertainty))
  Source:               ICON_INST/U0/U_ICON/U_SYNC/U_SYNC (FF)
  Destination:          ILA_INST/U0/I_NO_D.U_ILA/U_STAT/U_TDO (FF)
  Requirement:          30.000ns
  Data Path Delay:      13.765ns (Levels of Logic = 11)
  Clock Path Skew:      0.000ns
  Source Clock:         CONTROL0<0> rising at 0.000ns
  Destination Clock:    CONTROL0<0> rising at 30.000ns
  Clock Uncertainty:    0.000ns

  Maximum Data Path: ICON_INST/U0/U_ICON/U_SYNC/U_SYNC to ILA_INST/U0/I_NO_D.U_ILA/U_STAT/U_TDO
    Location             Delay type         Delay(ns)  Physical Resource
                                                       Logical Resource(s)
    -------------------------------------------------  -------------------
    SLICE_X59Y88.YQ      Tcko                  0.511   ICON_INST/U0/U_ICON/iSYNC
                                                       ICON_INST/U0/U_ICON/U_SYNC/U_SYNC
    SLICE_X54Y82.G3      net (fanout=2)        0.807   ICON_INST/U0/U_ICON/iSYNC
    SLICE_X54Y82.Y       Tilo                  0.660   ICON_INST/U0/U_ICON/U_STAT/iDATA_VALID
                                                       ICON_INST/U0/U_ICON/U_CTRL_OUT/U_DATA_VALID
    SLICE_X50Y52.G4      net (fanout=29)       2.351   ICON_INST/U0/U_ICON/U_CTRL_OUT/iDATA_VALID
    SLICE_X50Y52.Y       Tilo                  0.660   ILA_INST/U0/I_NO_D.U_ILA/U_G2_SQ.U_CAPCTRL/I_SRLT_NE_1.U_SCE/iCFG_DIN
                                                       ICON_INST/U0/U_ICON/U_CTRL_OUT/F_NCP[0].F_CMD[5].U_LCE
    SLICE_X47Y77.G3      net (fanout=47)       2.096   CONTROL0<9>
    SLICE_X47Y77.COUT    Topcyg                0.871   ILA_INST/U0/U_XST_CONTROLBUS_WORKAROUND/CONTROL_XST_WORKAROUND_O_cmp_eq0000_wg_cy<1>
                                                       ILA_INST/U0/U_XST_CONTROLBUS_WORKAROUND/CONTROL_XST_WORKAROUND_O_cmp_eq0000_wg_lut<1>
                                                       ILA_INST/U0/U_XST_CONTROLBUS_WORKAROUND/CONTROL_XST_WORKAROUND_O_cmp_eq0000_wg_cy<1>
    SLICE_X47Y78.CIN     net (fanout=1)        0.000   ILA_INST/U0/U_XST_CONTROLBUS_WORKAROUND/CONTROL_XST_WORKAROUND_O_cmp_eq0000_wg_cy<1>
    SLICE_X47Y78.COUT    Tbyp                  0.103   ILA_INST/U0/U_XST_CONTROLBUS_WORKAROUND/CONTROL_XST_WORKAROUND_O_cmp_eq0000_wg_cy<3>
                                                       ILA_INST/U0/U_XST_CONTROLBUS_WORKAROUND/CONTROL_XST_WORKAROUND_O_cmp_eq0000_wg_cy<2>
                                                       ILA_INST/U0/U_XST_CONTROLBUS_WORKAROUND/CONTROL_XST_WORKAROUND_O_cmp_eq0000_wg_cy<3>
    SLICE_X47Y79.CIN     net (fanout=1)        0.000   ILA_INST/U0/U_XST_CONTROLBUS_WORKAROUND/CONTROL_XST_WORKAROUND_O_cmp_eq0000_wg_cy<3>
    SLICE_X47Y79.COUT    Tbyp                  0.103   ILA_INST/U0/U_XST_CONTROLBUS_WORKAROUND/CONTROL_XST_WORKAROUND_O_cmp_eq0000_wg_cy<5>
                                                       ILA_INST/U0/U_XST_CONTROLBUS_WORKAROUND/CONTROL_XST_WORKAROUND_O_cmp_eq0000_wg_cy<4>
                                                       ILA_INST/U0/U_XST_CONTROLBUS_WORKAROUND/CONTROL_XST_WORKAROUND_O_cmp_eq0000_wg_cy<5>
    SLICE_X47Y80.CIN     net (fanout=1)        0.000   ILA_INST/U0/U_XST_CONTROLBUS_WORKAROUND/CONTROL_XST_WORKAROUND_O_cmp_eq0000_wg_cy<5>
    SLICE_X47Y80.COUT    Tbyp                  0.103   ILA_INST/U0/U_XST_CONTROLBUS_WORKAROUND/CONTROL_XST_WORKAROUND_O_cmp_eq0000_wg_cy<7>
                                                       ILA_INST/U0/U_XST_CONTROLBUS_WORKAROUND/CONTROL_XST_WORKAROUND_O_cmp_eq0000_wg_cy<6>
                                                       ILA_INST/U0/U_XST_CONTROLBUS_WORKAROUND/CONTROL_XST_WORKAROUND_O_cmp_eq0000_wg_cy<7>
    SLICE_X47Y81.CIN     net (fanout=1)        0.000   ILA_INST/U0/U_XST_CONTROLBUS_WORKAROUND/CONTROL_XST_WORKAROUND_O_cmp_eq0000_wg_cy<7>
    SLICE_X47Y81.XB      Tcinxb                0.352   CONTROL0<35>
                                                       ILA_INST/U0/U_XST_CONTROLBUS_WORKAROUND/CONTROL_XST_WORKAROUND_O_cmp_eq0000_wg_cy<8>
    SLICE_X67Y54.F1      net (fanout=3)        1.710   ILA_INST/U0/U_XST_CONTROLBUS_WORKAROUND/CONTROL_XST_WORKAROUND_O_cmp_eq0000_wg_cy<8>
    SLICE_X67Y54.X       Tif5x                 0.890   ILA_INST/U0/I_NO_D.U_ILA/U_STAT/U_SMUX/U_CS_MUX/I6.U_MUX64/Mmux_O_15_f5
                                                       ILA_INST/U0/I_NO_D.U_ILA/U_STAT/U_SMUX/U_CS_MUX/I6.U_MUX64/Mmux_O_15_f5_G
                                                       ILA_INST/U0/I_NO_D.U_ILA/U_STAT/U_SMUX/U_CS_MUX/I6.U_MUX64/Mmux_O_15_f5
    SLICE_X66Y56.G1      net (fanout=1)        0.358   ILA_INST/U0/I_NO_D.U_ILA/U_STAT/U_SMUX/U_CS_MUX/I6.U_MUX64/Mmux_O_15_f5
    SLICE_X66Y56.Y       Tilo                  0.660   ILA_INST/U0/I_NO_D.U_ILA/U_STAT/U_MUX/U_CS_MUX/I1.U_MUX2/O4
                                                       ILA_INST/U0/I_NO_D.U_ILA/U_STAT/U_MUX/U_CS_MUX/I1.U_MUX2/O21_SW0
    SLICE_X67Y56.G1      net (fanout=1)        0.170   ILA_INST/N40
    SLICE_X67Y56.Y       Tilo                  0.612   ILA_INST/U0/I_NO_D.U_ILA/iSTAT_DOUT
                                                       ILA_INST/U0/I_NO_D.U_ILA/U_STAT/U_MUX/U_CS_MUX/I1.U_MUX2/O39
    SLICE_X67Y56.F3      net (fanout=1)        0.020   ILA_INST/U0/I_NO_D.U_ILA/U_STAT/U_MUX/U_CS_MUX/I1.U_MUX2/O39/O
    SLICE_X67Y56.CLK     Tfck                  0.728   ILA_INST/U0/I_NO_D.U_ILA/iSTAT_DOUT
                                                       ILA_INST/U0/I_NO_D.U_ILA/U_STAT/U_MUX/U_CS_MUX/I1.U_MUX2/O87
                                                       ILA_INST/U0/I_NO_D.U_ILA/U_STAT/U_TDO
    -------------------------------------------------  ---------------------------
    Total                                     13.765ns (6.253ns logic, 7.512ns route)
                                                       (45.4% logic, 54.6% route)

--------------------------------------------------------------------------------
Slack (setup path):     16.363ns (requirement - (data path - clock path skew + uncertainty))
  Source:               ICON_INST/U0/U_ICON/U_CMD/G_TARGET[12].I_NE0.U_TARGET (FF)
  Destination:          ILA_INST/U0/I_NO_D.U_ILA/U_STAT/U_TDO (FF)
  Requirement:          30.000ns
  Data Path Delay:      13.637ns (Levels of Logic = 11)
  Clock Path Skew:      0.000ns
  Source Clock:         CONTROL0<0> rising at 0.000ns
  Destination Clock:    CONTROL0<0> rising at 30.000ns
  Clock Uncertainty:    0.000ns

  Maximum Data Path: ICON_INST/U0/U_ICON/U_CMD/G_TARGET[12].I_NE0.U_TARGET to ILA_INST/U0/I_NO_D.U_ILA/U_STAT/U_TDO
    Location             Delay type         Delay(ns)  Physical Resource
                                                       Logical Resource(s)
    -------------------------------------------------  -------------------
    SLICE_X54Y80.YQ      Tcko                  0.567   ICON_INST/U0/U_ICON/iCORE_ID<1>
                                                       ICON_INST/U0/U_ICON/U_CMD/G_TARGET[12].I_NE0.U_TARGET
    SLICE_X54Y81.G2      net (fanout=5)        0.619   ICON_INST/U0/U_ICON/iCORE_ID<0>
    SLICE_X54Y81.Y       Tilo                  0.660   ICON_INST/U0/U_ICON/iCORE_ID_SEL<15>
                                                       ICON_INST/U0/U_ICON/U_CMD/U_CORE_ID_SEL/I4.FI[0].U_LUT
    SLICE_X50Y52.G1      net (fanout=29)       2.355   ICON_INST/U0/U_ICON/iCORE_ID_SEL<0>
    SLICE_X50Y52.Y       Tilo                  0.660   ILA_INST/U0/I_NO_D.U_ILA/U_G2_SQ.U_CAPCTRL/I_SRLT_NE_1.U_SCE/iCFG_DIN
                                                       ICON_INST/U0/U_ICON/U_CTRL_OUT/F_NCP[0].F_CMD[5].U_LCE
    SLICE_X47Y77.G3      net (fanout=47)       2.096   CONTROL0<9>
    SLICE_X47Y77.COUT    Topcyg                0.871   ILA_INST/U0/U_XST_CONTROLBUS_WORKAROUND/CONTROL_XST_WORKAROUND_O_cmp_eq0000_wg_cy<1>
                                                       ILA_INST/U0/U_XST_CONTROLBUS_WORKAROUND/CONTROL_XST_WORKAROUND_O_cmp_eq0000_wg_lut<1>
                                                       ILA_INST/U0/U_XST_CONTROLBUS_WORKAROUND/CONTROL_XST_WORKAROUND_O_cmp_eq0000_wg_cy<1>
    SLICE_X47Y78.CIN     net (fanout=1)        0.000   ILA_INST/U0/U_XST_CONTROLBUS_WORKAROUND/CONTROL_XST_WORKAROUND_O_cmp_eq0000_wg_cy<1>
    SLICE_X47Y78.COUT    Tbyp                  0.103   ILA_INST/U0/U_XST_CONTROLBUS_WORKAROUND/CONTROL_XST_WORKAROUND_O_cmp_eq0000_wg_cy<3>
                                                       ILA_INST/U0/U_XST_CONTROLBUS_WORKAROUND/CONTROL_XST_WORKAROUND_O_cmp_eq0000_wg_cy<2>
                                                       ILA_INST/U0/U_XST_CONTROLBUS_WORKAROUND/CONTROL_XST_WORKAROUND_O_cmp_eq0000_wg_cy<3>
    SLICE_X47Y79.CIN     net (fanout=1)        0.000   ILA_INST/U0/U_XST_CONTROLBUS_WORKAROUND/CONTROL_XST_WORKAROUND_O_cmp_eq0000_wg_cy<3>
    SLICE_X47Y79.COUT    Tbyp                  0.103   ILA_INST/U0/U_XST_CONTROLBUS_WORKAROUND/CONTROL_XST_WORKAROUND_O_cmp_eq0000_wg_cy<5>
                                                       ILA_INST/U0/U_XST_CONTROLBUS_WORKAROUND/CONTROL_XST_WORKAROUND_O_cmp_eq0000_wg_cy<4>
                                                       ILA_INST/U0/U_XST_CONTROLBUS_WORKAROUND/CONTROL_XST_WORKAROUND_O_cmp_eq0000_wg_cy<5>
    SLICE_X47Y80.CIN     net (fanout=1)        0.000   ILA_INST/U0/U_XST_CONTROLBUS_WORKAROUND/CONTROL_XST_WORKAROUND_O_cmp_eq0000_wg_cy<5>
    SLICE_X47Y80.COUT    Tbyp                  0.103   ILA_INST/U0/U_XST_CONTROLBUS_WORKAROUND/CONTROL_XST_WORKAROUND_O_cmp_eq0000_wg_cy<7>
                                                       ILA_INST/U0/U_XST_CONTROLBUS_WORKAROUND/CONTROL_XST_WORKAROUND_O_cmp_eq0000_wg_cy<6>
                                                       ILA_INST/U0/U_XST_CONTROLBUS_WORKAROUND/CONTROL_XST_WORKAROUND_O_cmp_eq0000_wg_cy<7>
    SLICE_X47Y81.CIN     net (fanout=1)        0.000   ILA_INST/U0/U_XST_CONTROLBUS_WORKAROUND/CONTROL_XST_WORKAROUND_O_cmp_eq0000_wg_cy<7>
    SLICE_X47Y81.XB      Tcinxb                0.352   CONTROL0<35>
                                                       ILA_INST/U0/U_XST_CONTROLBUS_WORKAROUND/CONTROL_XST_WORKAROUND_O_cmp_eq0000_wg_cy<8>
    SLICE_X67Y54.F1      net (fanout=3)        1.710   ILA_INST/U0/U_XST_CONTROLBUS_WORKAROUND/CONTROL_XST_WORKAROUND_O_cmp_eq0000_wg_cy<8>
    SLICE_X67Y54.X       Tif5x                 0.890   ILA_INST/U0/I_NO_D.U_ILA/U_STAT/U_SMUX/U_CS_MUX/I6.U_MUX64/Mmux_O_15_f5
                                                       ILA_INST/U0/I_NO_D.U_ILA/U_STAT/U_SMUX/U_CS_MUX/I6.U_MUX64/Mmux_O_15_f5_G
                                                       ILA_INST/U0/I_NO_D.U_ILA/U_STAT/U_SMUX/U_CS_MUX/I6.U_MUX64/Mmux_O_15_f5
    SLICE_X66Y56.G1      net (fanout=1)        0.358   ILA_INST/U0/I_NO_D.U_ILA/U_STAT/U_SMUX/U_CS_MUX/I6.U_MUX64/Mmux_O_15_f5
    SLICE_X66Y56.Y       Tilo                  0.660   ILA_INST/U0/I_NO_D.U_ILA/U_STAT/U_MUX/U_CS_MUX/I1.U_MUX2/O4
                                                       ILA_INST/U0/I_NO_D.U_ILA/U_STAT/U_MUX/U_CS_MUX/I1.U_MUX2/O21_SW0
    SLICE_X67Y56.G1      net (fanout=1)        0.170   ILA_INST/N40
    SLICE_X67Y56.Y       Tilo                  0.612   ILA_INST/U0/I_NO_D.U_ILA/iSTAT_DOUT
                                                       ILA_INST/U0/I_NO_D.U_ILA/U_STAT/U_MUX/U_CS_MUX/I1.U_MUX2/O39
    SLICE_X67Y56.F3      net (fanout=1)        0.020   ILA_INST/U0/I_NO_D.U_ILA/U_STAT/U_MUX/U_CS_MUX/I1.U_MUX2/O39/O
    SLICE_X67Y56.CLK     Tfck                  0.728   ILA_INST/U0/I_NO_D.U_ILA/iSTAT_DOUT
                                                       ILA_INST/U0/I_NO_D.U_ILA/U_STAT/U_MUX/U_CS_MUX/I1.U_MUX2/O87
                                                       ILA_INST/U0/I_NO_D.U_ILA/U_STAT/U_TDO
    -------------------------------------------------  ---------------------------
    Total                                     13.637ns (6.309ns logic, 7.328ns route)
                                                       (46.3% logic, 53.7% route)

--------------------------------------------------------------------------------
Slack (setup path):     16.444ns (requirement - (data path - clock path skew + uncertainty))
  Source:               ICON_INST/U0/U_ICON/U_CMD/G_TARGET[13].I_NE0.U_TARGET (FF)
  Destination:          ILA_INST/U0/I_NO_D.U_ILA/U_STAT/U_TDO (FF)
  Requirement:          30.000ns
  Data Path Delay:      13.556ns (Levels of Logic = 11)
  Clock Path Skew:      0.000ns
  Source Clock:         CONTROL0<0> rising at 0.000ns
  Destination Clock:    CONTROL0<0> rising at 30.000ns
  Clock Uncertainty:    0.000ns

  Maximum Data Path: ICON_INST/U0/U_ICON/U_CMD/G_TARGET[13].I_NE0.U_TARGET to ILA_INST/U0/I_NO_D.U_ILA/U_STAT/U_TDO
    Location             Delay type         Delay(ns)  Physical Resource
                                                       Logical Resource(s)
    -------------------------------------------------  -------------------
    SLICE_X54Y80.XQ      Tcko                  0.515   ICON_INST/U0/U_ICON/iCORE_ID<1>
                                                       ICON_INST/U0/U_ICON/U_CMD/G_TARGET[13].I_NE0.U_TARGET
    SLICE_X54Y81.G4      net (fanout=5)        0.590   ICON_INST/U0/U_ICON/iCORE_ID<1>
    SLICE_X54Y81.Y       Tilo                  0.660   ICON_INST/U0/U_ICON/iCORE_ID_SEL<15>
                                                       ICON_INST/U0/U_ICON/U_CMD/U_CORE_ID_SEL/I4.FI[0].U_LUT
    SLICE_X50Y52.G1      net (fanout=29)       2.355   ICON_INST/U0/U_ICON/iCORE_ID_SEL<0>
    SLICE_X50Y52.Y       Tilo                  0.660   ILA_INST/U0/I_NO_D.U_ILA/U_G2_SQ.U_CAPCTRL/I_SRLT_NE_1.U_SCE/iCFG_DIN
                                                       ICON_INST/U0/U_ICON/U_CTRL_OUT/F_NCP[0].F_CMD[5].U_LCE
    SLICE_X47Y77.G3      net (fanout=47)       2.096   CONTROL0<9>
    SLICE_X47Y77.COUT    Topcyg                0.871   ILA_INST/U0/U_XST_CONTROLBUS_WORKAROUND/CONTROL_XST_WORKAROUND_O_cmp_eq0000_wg_cy<1>
                                                       ILA_INST/U0/U_XST_CONTROLBUS_WORKAROUND/CONTROL_XST_WORKAROUND_O_cmp_eq0000_wg_lut<1>
                                                       ILA_INST/U0/U_XST_CONTROLBUS_WORKAROUND/CONTROL_XST_WORKAROUND_O_cmp_eq0000_wg_cy<1>
    SLICE_X47Y78.CIN     net (fanout=1)        0.000   ILA_INST/U0/U_XST_CONTROLBUS_WORKAROUND/CONTROL_XST_WORKAROUND_O_cmp_eq0000_wg_cy<1>
    SLICE_X47Y78.COUT    Tbyp                  0.103   ILA_INST/U0/U_XST_CONTROLBUS_WORKAROUND/CONTROL_XST_WORKAROUND_O_cmp_eq0000_wg_cy<3>
                                                       ILA_INST/U0/U_XST_CONTROLBUS_WORKAROUND/CONTROL_XST_WORKAROUND_O_cmp_eq0000_wg_cy<2>
                                                       ILA_INST/U0/U_XST_CONTROLBUS_WORKAROUND/CONTROL_XST_WORKAROUND_O_cmp_eq0000_wg_cy<3>
    SLICE_X47Y79.CIN     net (fanout=1)        0.000   ILA_INST/U0/U_XST_CONTROLBUS_WORKAROUND/CONTROL_XST_WORKAROUND_O_cmp_eq0000_wg_cy<3>
    SLICE_X47Y79.COUT    Tbyp                  0.103   ILA_INST/U0/U_XST_CONTROLBUS_WORKAROUND/CONTROL_XST_WORKAROUND_O_cmp_eq0000_wg_cy<5>
                                                       ILA_INST/U0/U_XST_CONTROLBUS_WORKAROUND/CONTROL_XST_WORKAROUND_O_cmp_eq0000_wg_cy<4>
                                                       ILA_INST/U0/U_XST_CONTROLBUS_WORKAROUND/CONTROL_XST_WORKAROUND_O_cmp_eq0000_wg_cy<5>
    SLICE_X47Y80.CIN     net (fanout=1)        0.000   ILA_INST/U0/U_XST_CONTROLBUS_WORKAROUND/CONTROL_XST_WORKAROUND_O_cmp_eq0000_wg_cy<5>
    SLICE_X47Y80.COUT    Tbyp                  0.103   ILA_INST/U0/U_XST_CONTROLBUS_WORKAROUND/CONTROL_XST_WORKAROUND_O_cmp_eq0000_wg_cy<7>
                                                       ILA_INST/U0/U_XST_CONTROLBUS_WORKAROUND/CONTROL_XST_WORKAROUND_O_cmp_eq0000_wg_cy<6>
                                                       ILA_INST/U0/U_XST_CONTROLBUS_WORKAROUND/CONTROL_XST_WORKAROUND_O_cmp_eq0000_wg_cy<7>
    SLICE_X47Y81.CIN     net (fanout=1)        0.000   ILA_INST/U0/U_XST_CONTROLBUS_WORKAROUND/CONTROL_XST_WORKAROUND_O_cmp_eq0000_wg_cy<7>
    SLICE_X47Y81.XB      Tcinxb                0.352   CONTROL0<35>
                                                       ILA_INST/U0/U_XST_CONTROLBUS_WORKAROUND/CONTROL_XST_WORKAROUND_O_cmp_eq0000_wg_cy<8>
    SLICE_X67Y54.F1      net (fanout=3)        1.710   ILA_INST/U0/U_XST_CONTROLBUS_WORKAROUND/CONTROL_XST_WORKAROUND_O_cmp_eq0000_wg_cy<8>
    SLICE_X67Y54.X       Tif5x                 0.890   ILA_INST/U0/I_NO_D.U_ILA/U_STAT/U_SMUX/U_CS_MUX/I6.U_MUX64/Mmux_O_15_f5
                                                       ILA_INST/U0/I_NO_D.U_ILA/U_STAT/U_SMUX/U_CS_MUX/I6.U_MUX64/Mmux_O_15_f5_G
                                                       ILA_INST/U0/I_NO_D.U_ILA/U_STAT/U_SMUX/U_CS_MUX/I6.U_MUX64/Mmux_O_15_f5
    SLICE_X66Y56.G1      net (fanout=1)        0.358   ILA_INST/U0/I_NO_D.U_ILA/U_STAT/U_SMUX/U_CS_MUX/I6.U_MUX64/Mmux_O_15_f5
    SLICE_X66Y56.Y       Tilo                  0.660   ILA_INST/U0/I_NO_D.U_ILA/U_STAT/U_MUX/U_CS_MUX/I1.U_MUX2/O4
                                                       ILA_INST/U0/I_NO_D.U_ILA/U_STAT/U_MUX/U_CS_MUX/I1.U_MUX2/O21_SW0
    SLICE_X67Y56.G1      net (fanout=1)        0.170   ILA_INST/N40
    SLICE_X67Y56.Y       Tilo                  0.612   ILA_INST/U0/I_NO_D.U_ILA/iSTAT_DOUT
                                                       ILA_INST/U0/I_NO_D.U_ILA/U_STAT/U_MUX/U_CS_MUX/I1.U_MUX2/O39
    SLICE_X67Y56.F3      net (fanout=1)        0.020   ILA_INST/U0/I_NO_D.U_ILA/U_STAT/U_MUX/U_CS_MUX/I1.U_MUX2/O39/O
    SLICE_X67Y56.CLK     Tfck                  0.728   ILA_INST/U0/I_NO_D.U_ILA/iSTAT_DOUT
                                                       ILA_INST/U0/I_NO_D.U_ILA/U_STAT/U_MUX/U_CS_MUX/I1.U_MUX2/O87
                                                       ILA_INST/U0/I_NO_D.U_ILA/U_STAT/U_TDO
    -------------------------------------------------  ---------------------------
    Total                                     13.556ns (6.257ns logic, 7.299ns route)
                                                       (46.2% logic, 53.8% route)

--------------------------------------------------------------------------------

Paths for end point ILA_INST/U0/I_NO_D.U_ILA/U_STAT/U_TDO (SLICE_X67Y56.F4), 322 paths
--------------------------------------------------------------------------------
Slack (setup path):     18.372ns (requirement - (data path - clock path skew + uncertainty))
  Source:               ICON_INST/U0/U_ICON/U_SYNC/U_SYNC (FF)
  Destination:          ILA_INST/U0/I_NO_D.U_ILA/U_STAT/U_TDO (FF)
  Requirement:          30.000ns
  Data Path Delay:      11.628ns (Levels of Logic = 9)
  Clock Path Skew:      0.000ns
  Source Clock:         CONTROL0<0> rising at 0.000ns
  Destination Clock:    CONTROL0<0> rising at 30.000ns
  Clock Uncertainty:    0.000ns

  Maximum Data Path: ICON_INST/U0/U_ICON/U_SYNC/U_SYNC to ILA_INST/U0/I_NO_D.U_ILA/U_STAT/U_TDO
    Location             Delay type         Delay(ns)  Physical Resource
                                                       Logical Resource(s)
    -------------------------------------------------  -------------------
    SLICE_X59Y88.YQ      Tcko                  0.511   ICON_INST/U0/U_ICON/iSYNC
                                                       ICON_INST/U0/U_ICON/U_SYNC/U_SYNC
    SLICE_X54Y82.G3      net (fanout=2)        0.807   ICON_INST/U0/U_ICON/iSYNC
    SLICE_X54Y82.Y       Tilo                  0.660   ICON_INST/U0/U_ICON/U_STAT/iDATA_VALID
                                                       ICON_INST/U0/U_ICON/U_CTRL_OUT/U_DATA_VALID
    SLICE_X50Y52.G4      net (fanout=29)       2.351   ICON_INST/U0/U_ICON/U_CTRL_OUT/iDATA_VALID
    SLICE_X50Y52.Y       Tilo                  0.660   ILA_INST/U0/I_NO_D.U_ILA/U_G2_SQ.U_CAPCTRL/I_SRLT_NE_1.U_SCE/iCFG_DIN
                                                       ICON_INST/U0/U_ICON/U_CTRL_OUT/F_NCP[0].F_CMD[5].U_LCE
    SLICE_X47Y77.G3      net (fanout=47)       2.096   CONTROL0<9>
    SLICE_X47Y77.COUT    Topcyg                0.871   ILA_INST/U0/U_XST_CONTROLBUS_WORKAROUND/CONTROL_XST_WORKAROUND_O_cmp_eq0000_wg_cy<1>
                                                       ILA_INST/U0/U_XST_CONTROLBUS_WORKAROUND/CONTROL_XST_WORKAROUND_O_cmp_eq0000_wg_lut<1>
                                                       ILA_INST/U0/U_XST_CONTROLBUS_WORKAROUND/CONTROL_XST_WORKAROUND_O_cmp_eq0000_wg_cy<1>
    SLICE_X47Y78.CIN     net (fanout=1)        0.000   ILA_INST/U0/U_XST_CONTROLBUS_WORKAROUND/CONTROL_XST_WORKAROUND_O_cmp_eq0000_wg_cy<1>
    SLICE_X47Y78.COUT    Tbyp                  0.103   ILA_INST/U0/U_XST_CONTROLBUS_WORKAROUND/CONTROL_XST_WORKAROUND_O_cmp_eq0000_wg_cy<3>
                                                       ILA_INST/U0/U_XST_CONTROLBUS_WORKAROUND/CONTROL_XST_WORKAROUND_O_cmp_eq0000_wg_cy<2>
                                                       ILA_INST/U0/U_XST_CONTROLBUS_WORKAROUND/CONTROL_XST_WORKAROUND_O_cmp_eq0000_wg_cy<3>
    SLICE_X47Y79.CIN     net (fanout=1)        0.000   ILA_INST/U0/U_XST_CONTROLBUS_WORKAROUND/CONTROL_XST_WORKAROUND_O_cmp_eq0000_wg_cy<3>
    SLICE_X47Y79.COUT    Tbyp                  0.103   ILA_INST/U0/U_XST_CONTROLBUS_WORKAROUND/CONTROL_XST_WORKAROUND_O_cmp_eq0000_wg_cy<5>
                                                       ILA_INST/U0/U_XST_CONTROLBUS_WORKAROUND/CONTROL_XST_WORKAROUND_O_cmp_eq0000_wg_cy<4>
                                                       ILA_INST/U0/U_XST_CONTROLBUS_WORKAROUND/CONTROL_XST_WORKAROUND_O_cmp_eq0000_wg_cy<5>
    SLICE_X47Y80.CIN     net (fanout=1)        0.000   ILA_INST/U0/U_XST_CONTROLBUS_WORKAROUND/CONTROL_XST_WORKAROUND_O_cmp_eq0000_wg_cy<5>
    SLICE_X47Y80.COUT    Tbyp                  0.103   ILA_INST/U0/U_XST_CONTROLBUS_WORKAROUND/CONTROL_XST_WORKAROUND_O_cmp_eq0000_wg_cy<7>
                                                       ILA_INST/U0/U_XST_CONTROLBUS_WORKAROUND/CONTROL_XST_WORKAROUND_O_cmp_eq0000_wg_cy<6>
                                                       ILA_INST/U0/U_XST_CONTROLBUS_WORKAROUND/CONTROL_XST_WORKAROUND_O_cmp_eq0000_wg_cy<7>
    SLICE_X47Y81.CIN     net (fanout=1)        0.000   ILA_INST/U0/U_XST_CONTROLBUS_WORKAROUND/CONTROL_XST_WORKAROUND_O_cmp_eq0000_wg_cy<7>
    SLICE_X47Y81.XB      Tcinxb                0.352   CONTROL0<35>
                                                       ILA_INST/U0/U_XST_CONTROLBUS_WORKAROUND/CONTROL_XST_WORKAROUND_O_cmp_eq0000_wg_cy<8>
    SLICE_X66Y56.F4      net (fanout=3)        1.603   ILA_INST/U0/U_XST_CONTROLBUS_WORKAROUND/CONTROL_XST_WORKAROUND_O_cmp_eq0000_wg_cy<8>
    SLICE_X66Y56.X       Tilo                  0.660   ILA_INST/U0/I_NO_D.U_ILA/U_STAT/U_MUX/U_CS_MUX/I1.U_MUX2/O4
                                                       ILA_INST/U0/I_NO_D.U_ILA/U_STAT/U_MUX/U_CS_MUX/I1.U_MUX2/O4
    SLICE_X67Y56.F4      net (fanout=1)        0.020   ILA_INST/U0/I_NO_D.U_ILA/U_STAT/U_MUX/U_CS_MUX/I1.U_MUX2/O4
    SLICE_X67Y56.CLK     Tfck                  0.728   ILA_INST/U0/I_NO_D.U_ILA/iSTAT_DOUT
                                                       ILA_INST/U0/I_NO_D.U_ILA/U_STAT/U_MUX/U_CS_MUX/I1.U_MUX2/O87
                                                       ILA_INST/U0/I_NO_D.U_ILA/U_STAT/U_TDO
    -------------------------------------------------  ---------------------------
    Total                                     11.628ns (4.751ns logic, 6.877ns route)
                                                       (40.9% logic, 59.1% route)

--------------------------------------------------------------------------------
Slack (setup path):     18.500ns (requirement - (data path - clock path skew + uncertainty))
  Source:               ICON_INST/U0/U_ICON/U_CMD/G_TARGET[12].I_NE0.U_TARGET (FF)
  Destination:          ILA_INST/U0/I_NO_D.U_ILA/U_STAT/U_TDO (FF)
  Requirement:          30.000ns
  Data Path Delay:      11.500ns (Levels of Logic = 9)
  Clock Path Skew:      0.000ns
  Source Clock:         CONTROL0<0> rising at 0.000ns
  Destination Clock:    CONTROL0<0> rising at 30.000ns
  Clock Uncertainty:    0.000ns

  Maximum Data Path: ICON_INST/U0/U_ICON/U_CMD/G_TARGET[12].I_NE0.U_TARGET to ILA_INST/U0/I_NO_D.U_ILA/U_STAT/U_TDO
    Location             Delay type         Delay(ns)  Physical Resource
                                                       Logical Resource(s)
    -------------------------------------------------  -------------------
    SLICE_X54Y80.YQ      Tcko                  0.567   ICON_INST/U0/U_ICON/iCORE_ID<1>
                                                       ICON_INST/U0/U_ICON/U_CMD/G_TARGET[12].I_NE0.U_TARGET
    SLICE_X54Y81.G2      net (fanout=5)        0.619   ICON_INST/U0/U_ICON/iCORE_ID<0>
    SLICE_X54Y81.Y       Tilo                  0.660   ICON_INST/U0/U_ICON/iCORE_ID_SEL<15>
                                                       ICON_INST/U0/U_ICON/U_CMD/U_CORE_ID_SEL/I4.FI[0].U_LUT
    SLICE_X50Y52.G1      net (fanout=29)       2.355   ICON_INST/U0/U_ICON/iCORE_ID_SEL<0>
    SLICE_X50Y52.Y       Tilo                  0.660   ILA_INST/U0/I_NO_D.U_ILA/U_G2_SQ.U_CAPCTRL/I_SRLT_NE_1.U_SCE/iCFG_DIN
                                                       ICON_INST/U0/U_ICON/U_CTRL_OUT/F_NCP[0].F_CMD[5].U_LCE
    SLICE_X47Y77.G3      net (fanout=47)       2.096   CONTROL0<9>
    SLICE_X47Y77.COUT    Topcyg                0.871   ILA_INST/U0/U_XST_CONTROLBUS_WORKAROUND/CONTROL_XST_WORKAROUND_O_cmp_eq0000_wg_cy<1>
                                                       ILA_INST/U0/U_XST_CONTROLBUS_WORKAROUND/CONTROL_XST_WORKAROUND_O_cmp_eq0000_wg_lut<1>
                                                       ILA_INST/U0/U_XST_CONTROLBUS_WORKAROUND/CONTROL_XST_WORKAROUND_O_cmp_eq0000_wg_cy<1>
    SLICE_X47Y78.CIN     net (fanout=1)        0.000   ILA_INST/U0/U_XST_CONTROLBUS_WORKAROUND/CONTROL_XST_WORKAROUND_O_cmp_eq0000_wg_cy<1>
    SLICE_X47Y78.COUT    Tbyp                  0.103   ILA_INST/U0/U_XST_CONTROLBUS_WORKAROUND/CONTROL_XST_WORKAROUND_O_cmp_eq0000_wg_cy<3>
                                                       ILA_INST/U0/U_XST_CONTROLBUS_WORKAROUND/CONTROL_XST_WORKAROUND_O_cmp_eq0000_wg_cy<2>
                                                       ILA_INST/U0/U_XST_CONTROLBUS_WORKAROUND/CONTROL_XST_WORKAROUND_O_cmp_eq0000_wg_cy<3>
    SLICE_X47Y79.CIN     net (fanout=1)        0.000   ILA_INST/U0/U_XST_CONTROLBUS_WORKAROUND/CONTROL_XST_WORKAROUND_O_cmp_eq0000_wg_cy<3>
    SLICE_X47Y79.COUT    Tbyp                  0.103   ILA_INST/U0/U_XST_CONTROLBUS_WORKAROUND/CONTROL_XST_WORKAROUND_O_cmp_eq0000_wg_cy<5>
                                                       ILA_INST/U0/U_XST_CONTROLBUS_WORKAROUND/CONTROL_XST_WORKAROUND_O_cmp_eq0000_wg_cy<4>
                                                       ILA_INST/U0/U_XST_CONTROLBUS_WORKAROUND/CONTROL_XST_WORKAROUND_O_cmp_eq0000_wg_cy<5>
    SLICE_X47Y80.CIN     net (fanout=1)        0.000   ILA_INST/U0/U_XST_CONTROLBUS_WORKAROUND/CONTROL_XST_WORKAROUND_O_cmp_eq0000_wg_cy<5>
    SLICE_X47Y80.COUT    Tbyp                  0.103   ILA_INST/U0/U_XST_CONTROLBUS_WORKAROUND/CONTROL_XST_WORKAROUND_O_cmp_eq0000_wg_cy<7>
                                                       ILA_INST/U0/U_XST_CONTROLBUS_WORKAROUND/CONTROL_XST_WORKAROUND_O_cmp_eq0000_wg_cy<6>
                                                       ILA_INST/U0/U_XST_CONTROLBUS_WORKAROUND/CONTROL_XST_WORKAROUND_O_cmp_eq0000_wg_cy<7>
    SLICE_X47Y81.CIN     net (fanout=1)        0.000   ILA_INST/U0/U_XST_CONTROLBUS_WORKAROUND/CONTROL_XST_WORKAROUND_O_cmp_eq0000_wg_cy<7>
    SLICE_X47Y81.XB      Tcinxb                0.352   CONTROL0<35>
                                                       ILA_INST/U0/U_XST_CONTROLBUS_WORKAROUND/CONTROL_XST_WORKAROUND_O_cmp_eq0000_wg_cy<8>
    SLICE_X66Y56.F4      net (fanout=3)        1.603   ILA_INST/U0/U_XST_CONTROLBUS_WORKAROUND/CONTROL_XST_WORKAROUND_O_cmp_eq0000_wg_cy<8>
    SLICE_X66Y56.X       Tilo                  0.660   ILA_INST/U0/I_NO_D.U_ILA/U_STAT/U_MUX/U_CS_MUX/I1.U_MUX2/O4
                                                       ILA_INST/U0/I_NO_D.U_ILA/U_STAT/U_MUX/U_CS_MUX/I1.U_MUX2/O4
    SLICE_X67Y56.F4      net (fanout=1)        0.020   ILA_INST/U0/I_NO_D.U_ILA/U_STAT/U_MUX/U_CS_MUX/I1.U_MUX2/O4
    SLICE_X67Y56.CLK     Tfck                  0.728   ILA_INST/U0/I_NO_D.U_ILA/iSTAT_DOUT
                                                       ILA_INST/U0/I_NO_D.U_ILA/U_STAT/U_MUX/U_CS_MUX/I1.U_MUX2/O87
                                                       ILA_INST/U0/I_NO_D.U_ILA/U_STAT/U_TDO
    -------------------------------------------------  ---------------------------
    Total                                     11.500ns (4.807ns logic, 6.693ns route)
                                                       (41.8% logic, 58.2% route)

--------------------------------------------------------------------------------
Slack (setup path):     18.581ns (requirement - (data path - clock path skew + uncertainty))
  Source:               ICON_INST/U0/U_ICON/U_CMD/G_TARGET[13].I_NE0.U_TARGET (FF)
  Destination:          ILA_INST/U0/I_NO_D.U_ILA/U_STAT/U_TDO (FF)
  Requirement:          30.000ns
  Data Path Delay:      11.419ns (Levels of Logic = 9)
  Clock Path Skew:      0.000ns
  Source Clock:         CONTROL0<0> rising at 0.000ns
  Destination Clock:    CONTROL0<0> rising at 30.000ns
  Clock Uncertainty:    0.000ns

  Maximum Data Path: ICON_INST/U0/U_ICON/U_CMD/G_TARGET[13].I_NE0.U_TARGET to ILA_INST/U0/I_NO_D.U_ILA/U_STAT/U_TDO
    Location             Delay type         Delay(ns)  Physical Resource
                                                       Logical Resource(s)
    -------------------------------------------------  -------------------
    SLICE_X54Y80.XQ      Tcko                  0.515   ICON_INST/U0/U_ICON/iCORE_ID<1>
                                                       ICON_INST/U0/U_ICON/U_CMD/G_TARGET[13].I_NE0.U_TARGET
    SLICE_X54Y81.G4      net (fanout=5)        0.590   ICON_INST/U0/U_ICON/iCORE_ID<1>
    SLICE_X54Y81.Y       Tilo                  0.660   ICON_INST/U0/U_ICON/iCORE_ID_SEL<15>
                                                       ICON_INST/U0/U_ICON/U_CMD/U_CORE_ID_SEL/I4.FI[0].U_LUT
    SLICE_X50Y52.G1      net (fanout=29)       2.355   ICON_INST/U0/U_ICON/iCORE_ID_SEL<0>
    SLICE_X50Y52.Y       Tilo                  0.660   ILA_INST/U0/I_NO_D.U_ILA/U_G2_SQ.U_CAPCTRL/I_SRLT_NE_1.U_SCE/iCFG_DIN
                                                       ICON_INST/U0/U_ICON/U_CTRL_OUT/F_NCP[0].F_CMD[5].U_LCE
    SLICE_X47Y77.G3      net (fanout=47)       2.096   CONTROL0<9>
    SLICE_X47Y77.COUT    Topcyg                0.871   ILA_INST/U0/U_XST_CONTROLBUS_WORKAROUND/CONTROL_XST_WORKAROUND_O_cmp_eq0000_wg_cy<1>
                                                       ILA_INST/U0/U_XST_CONTROLBUS_WORKAROUND/CONTROL_XST_WORKAROUND_O_cmp_eq0000_wg_lut<1>
                                                       ILA_INST/U0/U_XST_CONTROLBUS_WORKAROUND/CONTROL_XST_WORKAROUND_O_cmp_eq0000_wg_cy<1>
    SLICE_X47Y78.CIN     net (fanout=1)        0.000   ILA_INST/U0/U_XST_CONTROLBUS_WORKAROUND/CONTROL_XST_WORKAROUND_O_cmp_eq0000_wg_cy<1>
    SLICE_X47Y78.COUT    Tbyp                  0.103   ILA_INST/U0/U_XST_CONTROLBUS_WORKAROUND/CONTROL_XST_WORKAROUND_O_cmp_eq0000_wg_cy<3>
                                                       ILA_INST/U0/U_XST_CONTROLBUS_WORKAROUND/CONTROL_XST_WORKAROUND_O_cmp_eq0000_wg_cy<2>
                                                       ILA_INST/U0/U_XST_CONTROLBUS_WORKAROUND/CONTROL_XST_WORKAROUND_O_cmp_eq0000_wg_cy<3>
    SLICE_X47Y79.CIN     net (fanout=1)        0.000   ILA_INST/U0/U_XST_CONTROLBUS_WORKAROUND/CONTROL_XST_WORKAROUND_O_cmp_eq0000_wg_cy<3>
    SLICE_X47Y79.COUT    Tbyp                  0.103   ILA_INST/U0/U_XST_CONTROLBUS_WORKAROUND/CONTROL_XST_WORKAROUND_O_cmp_eq0000_wg_cy<5>
                                                       ILA_INST/U0/U_XST_CONTROLBUS_WORKAROUND/CONTROL_XST_WORKAROUND_O_cmp_eq0000_wg_cy<4>
                                                       ILA_INST/U0/U_XST_CONTROLBUS_WORKAROUND/CONTROL_XST_WORKAROUND_O_cmp_eq0000_wg_cy<5>
    SLICE_X47Y80.CIN     net (fanout=1)        0.000   ILA_INST/U0/U_XST_CONTROLBUS_WORKAROUND/CONTROL_XST_WORKAROUND_O_cmp_eq0000_wg_cy<5>
    SLICE_X47Y80.COUT    Tbyp                  0.103   ILA_INST/U0/U_XST_CONTROLBUS_WORKAROUND/CONTROL_XST_WORKAROUND_O_cmp_eq0000_wg_cy<7>
                                                       ILA_INST/U0/U_XST_CONTROLBUS_WORKAROUND/CONTROL_XST_WORKAROUND_O_cmp_eq0000_wg_cy<6>
                                                       ILA_INST/U0/U_XST_CONTROLBUS_WORKAROUND/CONTROL_XST_WORKAROUND_O_cmp_eq0000_wg_cy<7>
    SLICE_X47Y81.CIN     net (fanout=1)        0.000   ILA_INST/U0/U_XST_CONTROLBUS_WORKAROUND/CONTROL_XST_WORKAROUND_O_cmp_eq0000_wg_cy<7>
    SLICE_X47Y81.XB      Tcinxb                0.352   CONTROL0<35>
                                                       ILA_INST/U0/U_XST_CONTROLBUS_WORKAROUND/CONTROL_XST_WORKAROUND_O_cmp_eq0000_wg_cy<8>
    SLICE_X66Y56.F4      net (fanout=3)        1.603   ILA_INST/U0/U_XST_CONTROLBUS_WORKAROUND/CONTROL_XST_WORKAROUND_O_cmp_eq0000_wg_cy<8>
    SLICE_X66Y56.X       Tilo                  0.660   ILA_INST/U0/I_NO_D.U_ILA/U_STAT/U_MUX/U_CS_MUX/I1.U_MUX2/O4
                                                       ILA_INST/U0/I_NO_D.U_ILA/U_STAT/U_MUX/U_CS_MUX/I1.U_MUX2/O4
    SLICE_X67Y56.F4      net (fanout=1)        0.020   ILA_INST/U0/I_NO_D.U_ILA/U_STAT/U_MUX/U_CS_MUX/I1.U_MUX2/O4
    SLICE_X67Y56.CLK     Tfck                  0.728   ILA_INST/U0/I_NO_D.U_ILA/iSTAT_DOUT
                                                       ILA_INST/U0/I_NO_D.U_ILA/U_STAT/U_MUX/U_CS_MUX/I1.U_MUX2/O87
                                                       ILA_INST/U0/I_NO_D.U_ILA/U_STAT/U_TDO
    -------------------------------------------------  ---------------------------
    Total                                     11.419ns (4.755ns logic, 6.664ns route)
                                                       (41.6% logic, 58.4% route)

--------------------------------------------------------------------------------

Paths for end point ILA_INST/U0/I_NO_D.U_ILA/U_G2_SQ.U_CAPCTRL/I_SRLT_NE_1.U_NS1/I_NOLUT6.I_SRL_T2.I_YES_RPM.I_S3.UG3_CFGLUT4 (SLICE_X54Y43.BY), 12 paths
--------------------------------------------------------------------------------
Slack (setup path):     20.587ns (requirement - (data path - clock path skew + uncertainty))
  Source:               ICON_INST/U0/U_ICON/U_SYNC/U_SYNC (FF)
  Destination:          ILA_INST/U0/I_NO_D.U_ILA/U_G2_SQ.U_CAPCTRL/I_SRLT_NE_1.U_NS1/I_NOLUT6.I_SRL_T2.I_YES_RPM.I_S3.UG3_CFGLUT4 (FF)
  Requirement:          30.000ns
  Data Path Delay:      9.413ns (Levels of Logic = 4)
  Clock Path Skew:      0.000ns
  Source Clock:         CONTROL0<0> rising at 0.000ns
  Destination Clock:    CONTROL0<0> rising at 30.000ns
  Clock Uncertainty:    0.000ns

  Maximum Data Path: ICON_INST/U0/U_ICON/U_SYNC/U_SYNC to ILA_INST/U0/I_NO_D.U_ILA/U_G2_SQ.U_CAPCTRL/I_SRLT_NE_1.U_NS1/I_NOLUT6.I_SRL_T2.I_YES_RPM.I_S3.UG3_CFGLUT4
    Location             Delay type         Delay(ns)  Physical Resource
                                                       Logical Resource(s)
    -------------------------------------------------  -------------------
    SLICE_X59Y88.YQ      Tcko                  0.511   ICON_INST/U0/U_ICON/iSYNC
                                                       ICON_INST/U0/U_ICON/U_SYNC/U_SYNC
    SLICE_X54Y82.G3      net (fanout=2)        0.807   ICON_INST/U0/U_ICON/iSYNC
    SLICE_X54Y82.Y       Tilo                  0.660   ICON_INST/U0/U_ICON/U_STAT/iDATA_VALID
                                                       ICON_INST/U0/U_ICON/U_CTRL_OUT/U_DATA_VALID
    SLICE_X50Y52.G4      net (fanout=29)       2.351   ICON_INST/U0/U_ICON/U_CTRL_OUT/iDATA_VALID
    SLICE_X50Y52.Y       Tilo                  0.660   ILA_INST/U0/I_NO_D.U_ILA/U_G2_SQ.U_CAPCTRL/I_SRLT_NE_1.U_SCE/iCFG_DIN
                                                       ICON_INST/U0/U_ICON/U_CTRL_OUT/F_NCP[0].F_CMD[5].U_LCE
    SLICE_X67Y43.G1      net (fanout=47)       2.548   CONTROL0<9>
    SLICE_X67Y43.Y       Tilo                  0.612   ILA_INST/U0/I_NO_D.U_ILA/U_G2_SQ.U_CAPCTRL/U_CAP_ADDRGEN/cfg_data<4>
                                                       ILA_INST/U0/I_NO_D.U_ILA/U_G2_SQ.U_CAPCTRL/I_SRLT_NE_1.U_NS1/I_NOLUT6.I_SRL_T2.U_LUT
    SLICE_X54Y43.BY      net (fanout=1)        0.879   ILA_INST/U0/I_NO_D.U_ILA/U_G2_SQ.U_CAPCTRL/I_SRLT_NE_1.U_NS1/iCFG_DIN
    SLICE_X54Y43.CLK     Tds                   0.385   ILA_INST/U0/I_NO_D.U_ILA/U_G2_SQ.U_CAPCTRL/I_SRLT_NE_1.U_NS1/jO<3>
                                                       ILA_INST/U0/I_NO_D.U_ILA/U_G2_SQ.U_CAPCTRL/I_SRLT_NE_1.U_NS1/I_NOLUT6.I_SRL_T2.I_YES_RPM.I_S3.UG3_CFGLUT4
    -------------------------------------------------  ---------------------------
    Total                                      9.413ns (2.828ns logic, 6.585ns route)
                                                       (30.0% logic, 70.0% route)

--------------------------------------------------------------------------------
Slack (setup path):     20.715ns (requirement - (data path - clock path skew + uncertainty))
  Source:               ICON_INST/U0/U_ICON/U_CMD/G_TARGET[12].I_NE0.U_TARGET (FF)
  Destination:          ILA_INST/U0/I_NO_D.U_ILA/U_G2_SQ.U_CAPCTRL/I_SRLT_NE_1.U_NS1/I_NOLUT6.I_SRL_T2.I_YES_RPM.I_S3.UG3_CFGLUT4 (FF)
  Requirement:          30.000ns
  Data Path Delay:      9.285ns (Levels of Logic = 4)
  Clock Path Skew:      0.000ns
  Source Clock:         CONTROL0<0> rising at 0.000ns
  Destination Clock:    CONTROL0<0> rising at 30.000ns
  Clock Uncertainty:    0.000ns

  Maximum Data Path: ICON_INST/U0/U_ICON/U_CMD/G_TARGET[12].I_NE0.U_TARGET to ILA_INST/U0/I_NO_D.U_ILA/U_G2_SQ.U_CAPCTRL/I_SRLT_NE_1.U_NS1/I_NOLUT6.I_SRL_T2.I_YES_RPM.I_S3.UG3_CFGLUT4
    Location             Delay type         Delay(ns)  Physical Resource
                                                       Logical Resource(s)
    -------------------------------------------------  -------------------
    SLICE_X54Y80.YQ      Tcko                  0.567   ICON_INST/U0/U_ICON/iCORE_ID<1>
                                                       ICON_INST/U0/U_ICON/U_CMD/G_TARGET[12].I_NE0.U_TARGET
    SLICE_X54Y81.G2      net (fanout=5)        0.619   ICON_INST/U0/U_ICON/iCORE_ID<0>
    SLICE_X54Y81.Y       Tilo                  0.660   ICON_INST/U0/U_ICON/iCORE_ID_SEL<15>
                                                       ICON_INST/U0/U_ICON/U_CMD/U_CORE_ID_SEL/I4.FI[0].U_LUT
    SLICE_X50Y52.G1      net (fanout=29)       2.355   ICON_INST/U0/U_ICON/iCORE_ID_SEL<0>
    SLICE_X50Y52.Y       Tilo                  0.660   ILA_INST/U0/I_NO_D.U_ILA/U_G2_SQ.U_CAPCTRL/I_SRLT_NE_1.U_SCE/iCFG_DIN
                                                       ICON_INST/U0/U_ICON/U_CTRL_OUT/F_NCP[0].F_CMD[5].U_LCE
    SLICE_X67Y43.G1      net (fanout=47)       2.548   CONTROL0<9>
    SLICE_X67Y43.Y       Tilo                  0.612   ILA_INST/U0/I_NO_D.U_ILA/U_G2_SQ.U_CAPCTRL/U_CAP_ADDRGEN/cfg_data<4>
                                                       ILA_INST/U0/I_NO_D.U_ILA/U_G2_SQ.U_CAPCTRL/I_SRLT_NE_1.U_NS1/I_NOLUT6.I_SRL_T2.U_LUT
    SLICE_X54Y43.BY      net (fanout=1)        0.879   ILA_INST/U0/I_NO_D.U_ILA/U_G2_SQ.U_CAPCTRL/I_SRLT_NE_1.U_NS1/iCFG_DIN
    SLICE_X54Y43.CLK     Tds                   0.385   ILA_INST/U0/I_NO_D.U_ILA/U_G2_SQ.U_CAPCTRL/I_SRLT_NE_1.U_NS1/jO<3>
                                                       ILA_INST/U0/I_NO_D.U_ILA/U_G2_SQ.U_CAPCTRL/I_SRLT_NE_1.U_NS1/I_NOLUT6.I_SRL_T2.I_YES_RPM.I_S3.UG3_CFGLUT4
    -------------------------------------------------  ---------------------------
    Total                                      9.285ns (2.884ns logic, 6.401ns route)
                                                       (31.1% logic, 68.9% route)

--------------------------------------------------------------------------------
Slack (setup path):     20.796ns (requirement - (data path - clock path skew + uncertainty))
  Source:               ICON_INST/U0/U_ICON/U_CMD/G_TARGET[13].I_NE0.U_TARGET (FF)
  Destination:          ILA_INST/U0/I_NO_D.U_ILA/U_G2_SQ.U_CAPCTRL/I_SRLT_NE_1.U_NS1/I_NOLUT6.I_SRL_T2.I_YES_RPM.I_S3.UG3_CFGLUT4 (FF)
  Requirement:          30.000ns
  Data Path Delay:      9.204ns (Levels of Logic = 4)
  Clock Path Skew:      0.000ns
  Source Clock:         CONTROL0<0> rising at 0.000ns
  Destination Clock:    CONTROL0<0> rising at 30.000ns
  Clock Uncertainty:    0.000ns

  Maximum Data Path: ICON_INST/U0/U_ICON/U_CMD/G_TARGET[13].I_NE0.U_TARGET to ILA_INST/U0/I_NO_D.U_ILA/U_G2_SQ.U_CAPCTRL/I_SRLT_NE_1.U_NS1/I_NOLUT6.I_SRL_T2.I_YES_RPM.I_S3.UG3_CFGLUT4
    Location             Delay type         Delay(ns)  Physical Resource
                                                       Logical Resource(s)
    -------------------------------------------------  -------------------
    SLICE_X54Y80.XQ      Tcko                  0.515   ICON_INST/U0/U_ICON/iCORE_ID<1>
                                                       ICON_INST/U0/U_ICON/U_CMD/G_TARGET[13].I_NE0.U_TARGET
    SLICE_X54Y81.G4      net (fanout=5)        0.590   ICON_INST/U0/U_ICON/iCORE_ID<1>
    SLICE_X54Y81.Y       Tilo                  0.660   ICON_INST/U0/U_ICON/iCORE_ID_SEL<15>
                                                       ICON_INST/U0/U_ICON/U_CMD/U_CORE_ID_SEL/I4.FI[0].U_LUT
    SLICE_X50Y52.G1      net (fanout=29)       2.355   ICON_INST/U0/U_ICON/iCORE_ID_SEL<0>
    SLICE_X50Y52.Y       Tilo                  0.660   ILA_INST/U0/I_NO_D.U_ILA/U_G2_SQ.U_CAPCTRL/I_SRLT_NE_1.U_SCE/iCFG_DIN
                                                       ICON_INST/U0/U_ICON/U_CTRL_OUT/F_NCP[0].F_CMD[5].U_LCE
    SLICE_X67Y43.G1      net (fanout=47)       2.548   CONTROL0<9>
    SLICE_X67Y43.Y       Tilo                  0.612   ILA_INST/U0/I_NO_D.U_ILA/U_G2_SQ.U_CAPCTRL/U_CAP_ADDRGEN/cfg_data<4>
                                                       ILA_INST/U0/I_NO_D.U_ILA/U_G2_SQ.U_CAPCTRL/I_SRLT_NE_1.U_NS1/I_NOLUT6.I_SRL_T2.U_LUT
    SLICE_X54Y43.BY      net (fanout=1)        0.879   ILA_INST/U0/I_NO_D.U_ILA/U_G2_SQ.U_CAPCTRL/I_SRLT_NE_1.U_NS1/iCFG_DIN
    SLICE_X54Y43.CLK     Tds                   0.385   ILA_INST/U0/I_NO_D.U_ILA/U_G2_SQ.U_CAPCTRL/I_SRLT_NE_1.U_NS1/jO<3>
                                                       ILA_INST/U0/I_NO_D.U_ILA/U_G2_SQ.U_CAPCTRL/I_SRLT_NE_1.U_NS1/I_NOLUT6.I_SRL_T2.I_YES_RPM.I_S3.UG3_CFGLUT4
    -------------------------------------------------  ---------------------------
    Total                                      9.204ns (2.832ns logic, 6.372ns route)
                                                       (30.8% logic, 69.2% route)

--------------------------------------------------------------------------------

Hold Paths: TS_J_CLK = PERIOD TIMEGRP "J_CLK" 30 ns HIGH 50%;
--------------------------------------------------------------------------------

Paths for end point ILA_INST/U0/I_NO_D.U_ILA/U_G2_SQ.U_CAPCTRL/U_CAP_ADDRGEN/I_0_TO_64K.I_SRL.U_SELX (SLICE_X44Y40.BY), 1 path
--------------------------------------------------------------------------------
Slack (hold path):      0.631ns (requirement - (clock path skew + uncertainty - data path))
  Source:               ILA_INST/U0/I_NO_D.U_ILA/U_G2_SQ.U_CAPCTRL/U_CAP_ADDRGEN/I_0_TO_64K.F_SEL[15].U_SEL (FF)
  Destination:          ILA_INST/U0/I_NO_D.U_ILA/U_G2_SQ.U_CAPCTRL/U_CAP_ADDRGEN/I_0_TO_64K.I_SRL.U_SELX (FF)
  Requirement:          0.000ns
  Data Path Delay:      0.631ns (Levels of Logic = 1)
  Clock Path Skew:      0.000ns
  Source Clock:         CONTROL0<0> rising at 30.000ns
  Destination Clock:    CONTROL0<0> rising at 30.000ns
  Clock Uncertainty:    0.000ns

  Minimum Data Path: ILA_INST/U0/I_NO_D.U_ILA/U_G2_SQ.U_CAPCTRL/U_CAP_ADDRGEN/I_0_TO_64K.F_SEL[15].U_SEL to ILA_INST/U0/I_NO_D.U_ILA/U_G2_SQ.U_CAPCTRL/U_CAP_ADDRGEN/I_0_TO_64K.I_SRL.U_SELX
    Location             Delay type         Delay(ns)  Physical Resource
                                                       Logical Resource(s)
    -------------------------------------------------  -------------------
    SLICE_X44Y39.XQ      Tcko                  0.412   ILA_INST/U0/I_NO_D.U_ILA/U_G2_SQ.U_CAPCTRL/U_CAP_ADDRGEN/cfg_data_vec<16>
                                                       ILA_INST/U0/I_NO_D.U_ILA/U_G2_SQ.U_CAPCTRL/U_CAP_ADDRGEN/I_0_TO_64K.F_SEL[15].U_SEL
    SLICE_X44Y40.BY      net (fanout=1)        0.329   ILA_INST/U0/I_NO_D.U_ILA/U_G2_SQ.U_CAPCTRL/U_CAP_ADDRGEN/cfg_data_vec<16>
    SLICE_X44Y40.CLK     Tdh         (-Th)     0.110   ILA_INST/U0/I_NO_D.U_ILA/U_G2_SQ.U_CAPCTRL/U_CAP_ADDRGEN/cfg_data<0>
                                                       ILA_INST/U0/I_NO_D.U_ILA/U_G2_SQ.U_CAPCTRL/U_CAP_ADDRGEN/I_0_TO_64K.I_SRL.U_SELX
    -------------------------------------------------  ---------------------------
    Total                                      0.631ns (0.302ns logic, 0.329ns route)
                                                       (47.9% logic, 52.1% route)

--------------------------------------------------------------------------------

Paths for end point ILA_INST/U0/I_NO_D.U_ILA/U_G2_SQ.U_CAPCTRL/U_CAP_ADDRGEN/I_0_TO_64K.F_SEL[11].U_SEL (SLICE_X45Y39.BX), 1 path
--------------------------------------------------------------------------------
Slack (hold path):      0.806ns (requirement - (clock path skew + uncertainty - data path))
  Source:               ILA_INST/U0/I_NO_D.U_ILA/U_G2_SQ.U_CAPCTRL/U_CAP_ADDRGEN/I_0_TO_64K.F_SEL[10].U_SEL (FF)
  Destination:          ILA_INST/U0/I_NO_D.U_ILA/U_G2_SQ.U_CAPCTRL/U_CAP_ADDRGEN/I_0_TO_64K.F_SEL[11].U_SEL (FF)
  Requirement:          0.000ns
  Data Path Delay:      0.806ns (Levels of Logic = 0)
  Clock Path Skew:      0.000ns
  Source Clock:         CONTROL0<0> rising at 30.000ns
  Destination Clock:    CONTROL0<0> rising at 30.000ns
  Clock Uncertainty:    0.000ns

  Minimum Data Path: ILA_INST/U0/I_NO_D.U_ILA/U_G2_SQ.U_CAPCTRL/U_CAP_ADDRGEN/I_0_TO_64K.F_SEL[10].U_SEL to ILA_INST/U0/I_NO_D.U_ILA/U_G2_SQ.U_CAPCTRL/U_CAP_ADDRGEN/I_0_TO_64K.F_SEL[11].U_SEL
    Location             Delay type         Delay(ns)  Physical Resource
                                                       Logical Resource(s)
    -------------------------------------------------  -------------------
    SLICE_X45Y39.YQ      Tcko                  0.409   ILA_INST/U0/I_NO_D.U_ILA/U_G2_SQ.U_CAPCTRL/U_CAP_ADDRGEN/cfg_data_vec<12>
                                                       ILA_INST/U0/I_NO_D.U_ILA/U_G2_SQ.U_CAPCTRL/U_CAP_ADDRGEN/I_0_TO_64K.F_SEL[10].U_SEL
    SLICE_X45Y39.BX      net (fanout=1)        0.317   ILA_INST/U0/I_NO_D.U_ILA/U_G2_SQ.U_CAPCTRL/U_CAP_ADDRGEN/cfg_data_vec<11>
    SLICE_X45Y39.CLK     Tckdi       (-Th)    -0.080   ILA_INST/U0/I_NO_D.U_ILA/U_G2_SQ.U_CAPCTRL/U_CAP_ADDRGEN/cfg_data_vec<12>
                                                       ILA_INST/U0/I_NO_D.U_ILA/U_G2_SQ.U_CAPCTRL/U_CAP_ADDRGEN/I_0_TO_64K.F_SEL[11].U_SEL
    -------------------------------------------------  ---------------------------
    Total                                      0.806ns (0.489ns logic, 0.317ns route)
                                                       (60.7% logic, 39.3% route)

--------------------------------------------------------------------------------

Paths for end point ICON_INST/U0/U_ICON/U_SYNC/G_SYNC_WORD[5].I_NE0.U_FDR (SLICE_X67Y88.BX), 1 path
--------------------------------------------------------------------------------
Slack (hold path):      0.848ns (requirement - (clock path skew + uncertainty - data path))
  Source:               ICON_INST/U0/U_ICON/U_SYNC/G_SYNC_WORD[6].I_EQ0.U_FDR (FF)
  Destination:          ICON_INST/U0/U_ICON/U_SYNC/G_SYNC_WORD[5].I_NE0.U_FDR (FF)
  Requirement:          0.000ns
  Data Path Delay:      0.848ns (Levels of Logic = 0)
  Clock Path Skew:      0.000ns
  Source Clock:         CONTROL0<0> rising at 30.000ns
  Destination Clock:    CONTROL0<0> rising at 30.000ns
  Clock Uncertainty:    0.000ns

  Minimum Data Path: ICON_INST/U0/U_ICON/U_SYNC/G_SYNC_WORD[6].I_EQ0.U_FDR to ICON_INST/U0/U_ICON/U_SYNC/G_SYNC_WORD[5].I_NE0.U_FDR
    Location             Delay type         Delay(ns)  Physical Resource
                                                       Logical Resource(s)
    -------------------------------------------------  -------------------
    SLICE_X67Y89.YQ      Tcko                  0.409   ICON_INST/U0/U_ICON/U_SYNC/iSYNC_WORD<6>
                                                       ICON_INST/U0/U_ICON/U_SYNC/G_SYNC_WORD[6].I_EQ0.U_FDR
    SLICE_X67Y88.BX      net (fanout=2)        0.359   ICON_INST/U0/U_ICON/U_SYNC/iSYNC_WORD<6>
    SLICE_X67Y88.CLK     Tckdi       (-Th)    -0.080   ICON_INST/U0/U_ICON/U_SYNC/iSYNC_WORD<5>
                                                       ICON_INST/U0/U_ICON/U_SYNC/G_SYNC_WORD[5].I_NE0.U_FDR
    -------------------------------------------------  ---------------------------
    Total                                      0.848ns (0.489ns logic, 0.359ns route)
                                                       (57.7% logic, 42.3% route)

--------------------------------------------------------------------------------

Component Switching Limit Checks: TS_J_CLK = PERIOD TIMEGRP "J_CLK" 30 ns HIGH 50%;
--------------------------------------------------------------------------------
Slack: 27.224ns (period - (min low pulse limit / (low pulse / period)))
  Period: 30.000ns
  Low pulse: 15.000ns
  Low pulse limit: 1.388ns (Trpw)
  Physical resource: ILA_INST/U0/I_NO_D.U_ILA/U_RST/U_ARM_XFER/din_latched/SR
  Logical resource: ILA_INST/U0/I_NO_D.U_ILA/U_RST/U_ARM_XFER/U_TFDRE/SR
  Location pin: SLICE_X51Y69.SR
  Clock network: ILA_INST/U0/I_NO_D.U_ILA/U_RST/U_ARM_XFER/iCLR
--------------------------------------------------------------------------------
Slack: 27.224ns (period - (min high pulse limit / (high pulse / period)))
  Period: 30.000ns
  High pulse: 15.000ns
  High pulse limit: 1.388ns (Trpw)
  Physical resource: ILA_INST/U0/I_NO_D.U_ILA/U_RST/U_ARM_XFER/din_latched/SR
  Logical resource: ILA_INST/U0/I_NO_D.U_ILA/U_RST/U_ARM_XFER/U_TFDRE/SR
  Location pin: SLICE_X51Y69.SR
  Clock network: ILA_INST/U0/I_NO_D.U_ILA/U_RST/U_ARM_XFER/iCLR
--------------------------------------------------------------------------------
Slack: 27.224ns (period - (min low pulse limit / (low pulse / period)))
  Period: 30.000ns
  Low pulse: 15.000ns
  Low pulse limit: 1.388ns (Trpw)
  Physical resource: ILA_INST/U0/I_NO_D.U_ILA/U_RST/U_HALT_XFER/din_latched/SR
  Logical resource: ILA_INST/U0/I_NO_D.U_ILA/U_RST/U_HALT_XFER/U_TFDRE/SR
  Location pin: SLICE_X47Y67.SR
  Clock network: ILA_INST/U0/I_NO_D.U_ILA/U_RST/U_HALT_XFER/iCLR
--------------------------------------------------------------------------------


All constraints were met.


Data Sheet report:
-----------------
No constraints were found to generate data for the Data Sheet Report section.
Use the Advanced Analysis (-a) option or generate global constraints for each
clock, its pad to setup and clock to pad paths, and a pad to pad constraint.

Timing summary:
---------------

Timing errors: 0  Score: 0  (Setup/Max: 0, Hold: 0)

Constraints cover 3332 paths, 0 nets, and 992 connections

Design statistics:
   Minimum period:  13.765ns{1}   (Maximum frequency:  72.648MHz)
   Maximum path delay from/to any node:   4.589ns


------------------------------------Footnotes-----------------------------------
1)  The minimum period statistic assumes all single cycle delays.

Analysis completed Wed Nov 19 15:52:58 2025 
--------------------------------------------------------------------------------

Trace Settings:
-------------------------
Trace Settings 

Peak Memory Usage: 390 MB



